dataset,architecture,implementation,train_samples,validation_samples,test_samples,parameter_count,best_epoch,epochs_ran,training_seconds,learning_rate,batch_size,patience,batch_seed,initialization_file,checkpoint_file,validation_loss,validation_accuracy,validation_precision,validation_recall,validation_f1,validation_roc_auc,validation_confusion_matrix,test_loss,test_accuracy,test_precision,test_recall,test_f1,test_roc_auc,test_confusion_matrix,prepared_sha256,manifest_file,timing_valid,timing_note,validation_mae,validation_rmse,validation_r2,test_mae,test_rmse,test_r2
diabetes,basic,scratch,40000,10000,10000,466,10,13,212.83967640000628,0.001,256,3,4201,E:\WINDOW\Project\intelligent-system-assignment-01\models\assignment04\initializations\diabetes_basic.npz,E:\WINDOW\Project\intelligent-system-assignment-01\models\assignment04\diabetes\basic_scratch.npz,0.539543092250824,0.7265,0.3043731778425656,0.7494615936826992,0.4329255650010367,0.8029767753604785,"[[6221, 2386], [349, 1044]]",,,,,,,,8d4f24fa05d4cf326324f81b2e76956485f684db32845e382ccc35029ddaf0e5,results\assignment04\manifests\diabetes.json,True,measured wall time,,,,,,
diabetes,basic,pytorch,40000,10000,10000,466,10,13,59.988485400012,0.001,256,3,4201,E:\WINDOW\Project\intelligent-system-assignment-01\models\assignment04\initializations\diabetes_basic.npz,E:\WINDOW\Project\intelligent-system-assignment-01\models\assignment04\diabetes\basic_pytorch.npz,0.5394359230995178,0.7261,0.3037900874635568,0.7480258435032304,0.4320962056811113,0.8030656861128493,"[[6219, 2388], [351, 1042]]",,,,,,,,8d4f24fa05d4cf326324f81b2e76956485f684db32845e382ccc35029ddaf0e5,results\assignment04\manifests\diabetes.json,True,measured wall time,,,,,,
diabetes,basic,tensorflow,40000,10000,10000,466,10,13,29.02887199999532,0.001,256,3,4201,E:\WINDOW\Project\intelligent-system-assignment-01\models\assignment04\initializations\diabetes_basic.npz,E:\WINDOW\Project\intelligent-system-assignment-01\models\assignment04\diabetes\basic_tensorflow.npz,0.5395304560661316,0.7252,0.3036800927267459,0.7523330940416367,0.4327002477291494,0.8029736893399928,"[[6204, 2403], [345, 1048]]",,,,,,,,8d4f24fa05d4cf326324f81b2e76956485f684db32845e382ccc35029ddaf0e5,results\assignment04\manifests\diabetes.json,True,measured wall time,,,,,,
diabetes,improved,scratch,40000,10000,10000,2562,7,10,640.7133735999814,0.001,256,3,4201,E:\WINDOW\Project\intelligent-system-assignment-01\models\assignment04\initializations\diabetes_improved.npz,E:\WINDOW\Project\intelligent-system-assignment-01\models\assignment04\diabetes\improved_scratch.npz,0.5353235602378845,0.7743,0.3417582417582417,0.6697774587221823,0.452583070579675,0.8165927981790144,"[[6810, 1797], [460, 933]]",0.5404974818229675,0.7753,0.3413818722139673,0.659727207465901,0.449938800489596,0.8147311354695435,"[[6834, 1773], [474, 919]]",8d4f24fa05d4cf326324f81b2e76956485f684db32845e382ccc35029ddaf0e5,results\assignment04\manifests\diabetes.json,True,measured wall time,,,,,,
diabetes,improved,pytorch,40000,10000,10000,2562,7,10,95.78346929998952,0.001,256,3,4201,E:\WINDOW\Project\intelligent-system-assignment-01\models\assignment04\initializations\diabetes_improved.npz,E:\WINDOW\Project\intelligent-system-assignment-01\models\assignment04\diabetes\improved_pytorch.npz,0.5342985987663269,0.7745,0.3427007299270073,0.6740847092605886,0.4543914831841277,0.8167703694658791,"[[6806, 1801], [454, 939]]",0.5394465923309326,0.7752,0.341842397336293,0.6633165829145728,0.451171875,0.8148095787740507,"[[6828, 1779], [469, 924]]",8d4f24fa05d4cf326324f81b2e76956485f684db32845e382ccc35029ddaf0e5,results\assignment04\manifests\diabetes.json,True,measured wall time,,,,,,
diabetes,improved,tensorflow,40000,10000,10000,2562,10,13,86.20244079999975,0.001,256,3,4201,E:\WINDOW\Project\intelligent-system-assignment-01\models\assignment04\initializations\diabetes_improved.npz,E:\WINDOW\Project\intelligent-system-assignment-01\models\assignment04\diabetes\improved_tensorflow.npz,0.5317919254302979,0.775,0.3430977663859392,0.6726489590811199,0.4544131910766246,0.8184750621603761,"[[6813, 1794], [456, 937]]",0.5369393825531006,0.7753,0.3426676492262343,0.6676238334529792,0.4528853177501826,0.8159144575138803,"[[6823, 1784], [463, 930]]",8d4f24fa05d4cf326324f81b2e76956485f684db32845e382ccc35029ddaf0e5,results\assignment04\manifests\diabetes.json,True,measured wall time,,,,,,
house,basic,scratch,40000,10000,10000,1153,7,10,165.1434851999802,0.001,256,3,4202,E:\WINDOW\Project\intelligent-system-assignment-01\models\assignment04\initializations\house_basic.npz,E:\WINDOW\Project\intelligent-system-assignment-01\models\assignment04\house\basic_scratch.npz,0.583200216293335,,,,,,,,,,,,,,cae66275afae95b1ac140773de6abf0a99e691d69a73ac658acf56c26b562e19,results\assignment04\manifests\house.json,True,measured wall time,264113.90625,905522.337305933,0.2191569805145263,,,
house,basic,pytorch,40000,10000,10000,1153,7,10,58.174077699979534,0.001,256,3,4202,E:\WINDOW\Project\intelligent-system-assignment-01\models\assignment04\initializations\house_basic.npz,E:\WINDOW\Project\intelligent-system-assignment-01\models\assignment04\house\basic_pytorch.npz,0.5831868052482605,,,,,,,,,,,,,,cae66275afae95b1ac140773de6abf0a99e691d69a73ac658acf56c26b562e19,results\assignment04\manifests\house.json,True,measured wall time,263975.4375,906250.1965528064,0.2179011702537536,,,
house,basic,tensorflow,40000,10000,10000,1153,8,11,56.5133600999834,0.001,256,3,4202,E:\WINDOW\Project\intelligent-system-assignment-01\models\assignment04\initializations\house_basic.npz,E:\WINDOW\Project\intelligent-system-assignment-01\models\assignment04\house\basic_tensorflow.npz,0.5792585611343384,,,,,,,,,,,,,,cae66275afae95b1ac140773de6abf0a99e691d69a73ac658acf56c26b562e19,results\assignment04\manifests\house.json,True,measured wall time,263311.0,904995.3758290702,0.2200654745101928,,,
house,improved,scratch,40000,10000,10000,3249,4,7,250.7944130999968,0.001,256,3,4202,E:\WINDOW\Project\intelligent-system-assignment-01\models\assignment04\initializations\house_improved.npz,E:\WINDOW\Project\intelligent-system-assignment-01\models\assignment04\house\improved_scratch.npz,0.5697781443595886,,,,,,,0.6147308349609375,,,,,,,cae66275afae95b1ac140773de6abf0a99e691d69a73ac658acf56c26b562e19,results\assignment04\manifests\house.json,True,measured wall time,261321.1875,900359.0605352955,0.228036344051361,282060.3125,1063024.1482261822,0.2672178745269775
house,improved,pytorch,40000,10000,10000,3249,4,7,25.533897100016475,0.001,256,3,4202,E:\WINDOW\Project\intelligent-system-assignment-01\models\assignment04\initializations\house_improved.npz,E:\WINDOW\Project\intelligent-system-assignment-01\models\assignment04\house\improved_pytorch.npz,0.5710991024971008,,,,,,,0.6162509918212891,,,,,,,cae66275afae95b1ac140773de6abf0a99e691d69a73ac658acf56c26b562e19,results\assignment04\manifests\house.json,True,measured wall time,261521.65625,899229.1070022144,0.2299727201461792,282328.4375,1063062.6174595738,0.2671648263931274
house,improved,tensorflow,40000,10000,10000,3249,7,10,34.06805339999846,0.001,256,3,4202,E:\WINDOW\Project\intelligent-system-assignment-01\models\assignment04\initializations\house_improved.npz,E:\WINDOW\Project\intelligent-system-assignment-01\models\assignment04\house\improved_tensorflow.npz,0.5596826076507568,,,,,,,0.6042941212654114,,,,,,,cae66275afae95b1ac140773de6abf0a99e691d69a73ac658acf56c26b562e19,results\assignment04\manifests\house.json,True,measured wall time,256557.984375,908514.4610582708,0.213988184928894,279610.75,1090907.287426388,0.2282719016075134
comments,basic,scratch,20000,5000,10000,320826,4,7,276.51083610000205,0.001,128,3,4203,E:\WINDOW\Project\intelligent-system-assignment-01\models\assignment04\initializations\comments_basic.npz,E:\WINDOW\Project\intelligent-system-assignment-01\models\assignment04\comments\basic_scratch.npz,0.3160313665866852,0.866,0.8495034377387318,0.8896,0.8690894880812817,0.93982824,"[[2106, 394], [276, 2224]]",,,,,,,,6bda2b1ba7697bdb1e219182e0aa4ca77b64b6962e66ca3a948716137d55ad64,results\assignment04\manifests\comments\manifest.json,True,measured wall time,,,,,,
comments,basic,pytorch,20000,5000,10000,320826,5,8,32.96991949999938,0.001,128,3,4203,E:\WINDOW\Project\intelligent-system-assignment-01\models\assignment04\initializations\comments_basic.npz,E:\WINDOW\Project\intelligent-system-assignment-01\models\assignment04\comments\basic_pytorch.npz,0.3293254971504211,0.8618,0.8381308411214953,0.8968,0.8664734299516909,0.93977552,"[[2067, 433], [258, 2242]]",,,,,,,,6bda2b1ba7697bdb1e219182e0aa4ca77b64b6962e66ca3a948716137d55ad64,results\assignment04\manifests\comments\manifest.json,True,measured wall time,,,,,,
comments,basic,tensorflow,20000,5000,10000,320826,5,8,51.515778100001626,0.001,128,3,4203,E:\WINDOW\Project\intelligent-system-assignment-01\models\assignment04\initializations\comments_basic.npz,E:\WINDOW\Project\intelligent-system-assignment-01\models\assignment04\comments\basic_tensorflow.npz,0.3279539942741394,0.8618,0.845360824742268,0.8856,0.8650126977925376,0.938938,"[[2095, 405], [286, 2214]]",,,,,,,,6bda2b1ba7697bdb1e219182e0aa4ca77b64b6962e66ca3a948716137d55ad64,results\assignment04\manifests\comments\manifest.json,True,measured wall time,,,,,,
comments,improved,scratch,20000,5000,10000,322922,4,7,387.2988112999883,0.001,128,3,4203,E:\WINDOW\Project\intelligent-system-assignment-01\models\assignment04\initializations\comments_improved.npz,E:\WINDOW\Project\intelligent-system-assignment-01\models\assignment04\comments\improved_scratch.npz,0.3214129507541656,0.8842,0.8609545283727922,0.9164,0.887812439449719,0.95268344,"[[2130, 370], [209, 2291]]",0.338997334241867,0.8744,0.8525423728813559,0.9054,0.878176527643065,0.9488712,"[[4217, 783], [473, 4527]]",6bda2b1ba7697bdb1e219182e0aa4ca77b64b6962e66ca3a948716137d55ad64,results\assignment04\manifests\comments\manifest.json,True,measured wall time,,,,,,
comments,improved,pytorch,20000,5000,10000,322922,4,7,35.06727810000302,0.001,128,3,4203,E:\WINDOW\Project\intelligent-system-assignment-01\models\assignment04\initializations\comments_improved.npz,E:\WINDOW\Project\intelligent-system-assignment-01\models\assignment04\comments\improved_pytorch.npz,0.320924699306488,0.8794,0.8537859007832899,0.9156,0.8836132020845396,0.95324976,"[[2108, 392], [211, 2289]]",0.3418067991733551,0.8729,0.8466257668711656,0.9108,0.8775411889392042,0.94900114,"[[4175, 825], [446, 4554]]",6bda2b1ba7697bdb1e219182e0aa4ca77b64b6962e66ca3a948716137d55ad64,results\assignment04\manifests\comments\manifest.json,True,measured wall time,,,,,,
comments,improved,tensorflow,20000,5000,10000,322922,5,8,44830.81077909999,0.001,128,3,4203,E:\WINDOW\Project\intelligent-system-assignment-01\models\assignment04\initializations\comments_improved.npz,E:\WINDOW\Project\intelligent-system-assignment-01\models\assignment04\comments\improved_tensorflow.npz,0.35771444439888,0.8848,0.8717156105100463,0.9024,0.8867924528301887,0.9509592,"[[2168, 332], [244, 2256]]",0.3774464726448059,0.8742,0.8614760432766615,0.8918,0.876375786163522,0.94765172,"[[4283, 717], [541, 4459]]",6bda2b1ba7697bdb1e219182e0aa4ca77b64b6962e66ca3a948716137d55ad64,results\assignment04\manifests\comments\manifest.json,False,wall time includes host/session suspension; exclude from speed comparison,,,,,,
