epoch,train_loss,val_loss,train_rmse,val_rmse,experiment
1,0.7625457038334438,0.6135182640075684,2605990.8157883245,1403574.8936974981,Baseline MLP
2,0.6505050063405718,0.5905130564053853,1621131.0235876574,1068432.3228690852,Baseline MLP
3,0.6110619473593576,0.5790225541114807,1506065.5257446642,952758.2154485811,Baseline MLP
4,0.5921346027646746,0.5727870961825053,1409512.8198619315,930998.7967788795,Baseline MLP
5,0.5742455124310085,0.5703840065002441,1415006.1765600538,920910.9659928262,Baseline MLP
6,0.5684682659694127,0.5651693548520406,1262087.7853320925,909262.6132524232,Baseline MLP
7,0.5659039119720459,0.56405487353007,1213295.918268158,898538.9457364851,Baseline MLP
8,0.5647885768617903,0.5646887735684712,1283784.7783234394,897114.4798282736,Baseline MLP
9,0.563753327356066,0.5615553933461507,1196747.2943342973,897523.8901230892,Baseline MLP
10,0.5637128398759025,0.5607735607147217,1296942.9147197749,894105.1381812239,Baseline MLP
11,0.564258915397099,0.5606702610651652,1324014.1327654591,901028.3540220053,Baseline MLP
12,0.561319281073979,0.5596017475128174,1253248.3880509539,898869.2705705788,Baseline MLP
13,0.5600996747902461,0.5577792229334513,1265576.1634933453,892930.1730150299,Baseline MLP
14,0.5599059437888009,0.5584341499646505,1291881.7646475476,915268.2059185813,Baseline MLP
15,0.5603648225648062,0.5573059453646342,1311364.6688210815,889513.7315985742,Baseline MLP
16,0.5596426233495985,0.561073092842102,1327786.3028320053,903932.2016964605,Baseline MLP
17,0.5584219649178641,0.5555498376528422,1256166.3088656438,893122.6692993619,Baseline MLP
18,0.5572254398618426,0.5553510425885518,1316394.5554912132,897142.6440990218,Baseline MLP
19,0.5568670907429286,0.554772128645579,1316274.5765547052,892878.6470496622,Baseline MLP
20,0.556397115625654,0.5545806861241659,1374002.8744633927,897251.7051778004,Baseline MLP
21,0.556229954787663,0.5540166435241699,1206925.8640439126,898839.2353261211,Baseline MLP
22,0.557490846647535,0.5586337171872456,1344167.7169212215,1262892.004652979,Baseline MLP
23,0.5566257948602948,0.5540593163490295,1352090.556927604,900617.5907334704,Baseline MLP
24,0.5544231880187989,0.5533327921231588,1307645.3169823654,892827.6426977979,Baseline MLP
25,0.5548481685774667,0.5523202655474345,1264165.9099458354,889654.6348039351,Baseline MLP
26,0.5548836698872702,0.5519066867510478,1318520.0071560724,892011.3347739595,Baseline MLP
27,0.5541201760019575,0.5535164527257284,1197410.6767973478,892004.7338821319,Baseline MLP
28,0.5548498459815979,0.5523224430084228,1326372.717286927,900608.5416069155,Baseline MLP
29,0.5535884837831769,0.5526163456281026,1232999.8546773605,896747.6514424479,Baseline MLP
30,0.5542036818640572,0.5523989762306213,1270682.0607160933,968148.0081061869,Baseline MLP
1,0.6918729754992894,0.5893970423698426,2181473.1887253267,984046.1816830853,Deeper MLP / Adam 1e-3
2,0.5823534395354135,0.5662704052925109,1481975.548426441,916743.3313086666,Deeper MLP / Adam 1e-3
3,0.5668627174786159,0.5646531081517537,1295164.1075458324,917037.2223648635,Deeper MLP / Adam 1e-3
4,0.5621407930101667,0.5609578411102295,1153128.226730727,911862.5223658569,Deeper MLP / Adam 1e-3
5,0.5634355707100459,0.5585816951751709,1340988.7443495067,910521.5069975951,Deeper MLP / Adam 1e-3
6,0.5642817709650312,0.5585035169283549,1284777.0906894254,914675.8295611602,Deeper MLP / Adam 1e-3
7,0.562018306514195,0.558560888894399,1334672.569229091,930201.6620410709,Deeper MLP / Adam 1e-3
8,0.5590588234901428,0.5561414780298869,1251440.2438212573,927379.3741690639,Deeper MLP / Adam 1e-3
9,0.5564044929572514,0.5559565776189168,1277017.782513576,891527.1852922679,Deeper MLP / Adam 1e-3
10,0.5579212573051453,0.5536060084342956,1212764.469292574,892163.960523459,Deeper MLP / Adam 1e-3
11,0.5569841537339347,0.5535220713615417,1261086.7699223193,904344.5646590622,Deeper MLP / Adam 1e-3
12,0.5563772427967616,0.5557879562060039,1243846.8078572233,890562.4336444233,Deeper MLP / Adam 1e-3
13,0.553882425226484,0.5511299116452535,1289333.1093202697,896908.752574507,Deeper MLP / Adam 1e-3
14,0.5527966809409005,0.5504233315467835,1203717.752343066,897634.4345913624,Deeper MLP / Adam 1e-3
15,0.5516113357952663,0.5497355901400248,1159202.5140711498,892839.6580380129,Deeper MLP / Adam 1e-3
16,0.5515946792057582,0.5494055023193359,1200195.5544875239,898698.2312359764,Deeper MLP / Adam 1e-3
17,0.552004223210471,0.550406345208486,1239907.8348034788,898211.7793681276,Deeper MLP / Adam 1e-3
18,0.5531023787089756,0.5507517963727315,1197276.5975711532,923485.652204633,Deeper MLP / Adam 1e-3
19,0.551738273865836,0.5493895211855571,1285990.825956799,894511.3875907675,Deeper MLP / Adam 1e-3
20,0.5497071012905665,0.5507370378176372,1191016.4376229085,884297.1512752653,Deeper MLP / Adam 1e-3
21,0.5495226250784738,0.550298450756073,1187470.278850033,885460.6914137665,Deeper MLP / Adam 1e-3
22,0.5489541870253427,0.5487079609235128,1133212.2165150626,889655.1467740743,Deeper MLP / Adam 1e-3
23,0.5489522003037589,0.5491271596908569,1189923.9966669711,901992.5899929794,Deeper MLP / Adam 1e-3
24,0.5489758948666709,0.5504700463930766,1179979.9889291595,893654.1984825556,Deeper MLP / Adam 1e-3
25,0.5482228419167655,0.5477795783360799,1160136.181923367,891051.5976035058,Deeper MLP / Adam 1e-3
26,0.5480694911820548,0.5483717890103658,1236544.1038527244,893316.7536759231,Deeper MLP / Adam 1e-3
27,0.5490085293497358,0.5484218548456827,1204592.5618204137,922163.1132199697,Deeper MLP / Adam 1e-3
28,0.5482939531190055,0.555378191947937,1332769.7788517764,886501.3741028543,Deeper MLP / Adam 1e-3
29,0.5471544509819576,0.5492208804766338,1172448.8263317237,885327.899223437,Deeper MLP / Adam 1e-3
30,0.5473928673539843,0.5474410274823507,1184095.200795314,895947.9321317945,Deeper MLP / Adam 1e-3
1,0.7342983550207955,0.6224054518699647,2370090.5804479606,1235920.3574042637,Deeper MLP / Adam 3e-4
2,0.6165329244886126,0.5949906613349915,1672055.9302691855,1132129.6168335944,Deeper MLP / Adam 3e-4
3,0.5949767671721322,0.5820535622596741,1525388.2065828412,983385.3255008803,Deeper MLP / Adam 3e-4
4,0.5819067200524466,0.5737999087015788,1469529.935160192,946261.7412189724,Deeper MLP / Adam 3e-4
5,0.5735433611665454,0.5681400074958801,1308622.7073538166,929372.6642834349,Deeper MLP / Adam 3e-4
6,0.5682769983291626,0.5648990548769633,1294596.1622685422,914447.5572822334,Deeper MLP / Adam 3e-4
7,0.5647704310144697,0.5626659842809041,1287381.6082604225,917910.0434617433,Deeper MLP / Adam 3e-4
8,0.5624058243342809,0.5612152222315471,1218304.7782275637,911163.848543481,Deeper MLP / Adam 3e-4
9,0.5606979645797184,0.5593331439654032,1212493.769100576,905776.9211668401,Deeper MLP / Adam 3e-4
10,0.5612888487815857,0.558687025642395,1194559.1079804676,901046.0168445169,Deeper MLP / Adam 3e-4
11,0.5602217935425895,0.5581517881711324,1264625.8135540846,909858.251312884,Deeper MLP / Adam 3e-4
12,0.5587299449920654,0.5578557366371155,1196199.779412276,895213.4632761807,Deeper MLP / Adam 3e-4
13,0.5579012078421457,0.5575477879842122,1260703.0191332016,905502.6210504469,Deeper MLP / Adam 3e-4
14,0.5574906777926854,0.5561967128753662,1196379.8787648287,901374.2656415547,Deeper MLP / Adam 3e-4
15,0.5565660228048052,0.5567811825752258,1230238.6491543574,899994.7565904538,Deeper MLP / Adam 3e-4
16,0.5561479620933533,0.5551304533322652,1182786.0569122504,895974.9390035339,Deeper MLP / Adam 3e-4
17,0.5561244236809867,0.5556450172106425,1255057.5734085836,897545.7263586273,Deeper MLP / Adam 3e-4
18,0.555934889289311,0.5543143539746602,1194859.9280686462,895263.8317700888,Deeper MLP / Adam 3e-4
19,0.5552229291234697,0.5547968219439189,1317889.1926775116,899903.2790666884,Deeper MLP / Adam 3e-4
20,0.5543941057205201,0.5544395511309306,1181892.9719812742,890589.460805815,Deeper MLP / Adam 3e-4
21,0.5540372092996325,0.5536362018903096,1259575.0773010096,894673.9083939071,Deeper MLP / Adam 3e-4
22,0.5534742010252817,0.5532948494275411,1172005.4779264564,894143.1460094871,Deeper MLP / Adam 3e-4
23,0.5536628873756954,0.5526702349026998,1254851.8126307672,896141.8060184604,Deeper MLP / Adam 3e-4
24,0.5535657071386065,0.5535571426709494,1191123.808223005,894034.909580972,Deeper MLP / Adam 3e-4
25,0.5531217370441982,0.5543383935928344,1272066.4982966539,914915.4220285026,Deeper MLP / Adam 3e-4
26,0.5528748981067112,0.552640872891744,1254584.1379265352,894099.7329355669,Deeper MLP / Adam 3e-4
27,0.5523672919000898,0.5522771337191263,1252702.28887753,888910.1179587449,Deeper MLP / Adam 3e-4
28,0.5520911214283535,0.5521886937141418,1241026.1079973045,890236.3466792824,Deeper MLP / Adam 3e-4
29,0.5512958221639905,0.551061463133494,1250713.038252255,886177.922977007,Deeper MLP / Adam 3e-4
30,0.5513796548230308,0.5508974087715149,1180383.0200389836,896858.2473525706,Deeper MLP / Adam 3e-4
