date,open,high,low,close,volume,source
2008-01-31,144.000000,144.000000,135.000000,136.000000,61260,SSI iBoard
2008-02-01,137.000000,137.000000,136.000000,137.000000,56000,SSI iBoard
2008-02-12,137.000000,137.000000,136.000000,137.000000,36830,SSI iBoard
2008-02-13,137.000000,137.000000,136.000000,137.000000,31500,SSI iBoard
2008-02-14,137.000000,138.000000,137.000000,138.000000,42800,SSI iBoard
2008-02-15,137.000000,138.000000,137.000000,138.000000,34100,SSI iBoard
2008-02-18,135.000000,136.000000,135.000000,135.000000,42110,SSI iBoard
2008-02-19,134.000000,135.000000,134.000000,135.000000,33760,SSI iBoard
2008-02-20,136.000000,136.000000,133.000000,133.000000,40250,SSI iBoard
2008-02-21,130.000000,130.000000,127.000000,127.000000,23350,SSI iBoard
2008-02-22,121.000000,121.000000,121.000000,121.000000,17330,SSI iBoard
2008-02-25,125.000000,127.000000,125.000000,127.000000,35450,SSI iBoard
2008-02-26,131.000000,131.000000,125.000000,125.000000,26380,SSI iBoard
2008-02-27,125.000000,127.000000,125.000000,125.000000,25780,SSI iBoard
2008-02-28,126.000000,126.000000,125.000000,125.000000,20500,SSI iBoard
2008-02-29,125.000000,125.000000,123.000000,125.000000,22390,SSI iBoard
2008-03-03,124.000000,124.000000,121.000000,124.000000,32280,SSI iBoard
2008-03-04,124.000000,124.000000,121.000000,122.000000,31170,SSI iBoard
2008-03-05,120.000000,121.000000,116.000000,121.000000,10960,SSI iBoard
2008-03-06,126.000000,127.000000,126.000000,127.000000,12500,SSI iBoard
2008-03-10,133.000000,139.000000,133.000000,134.000000,23840,SSI iBoard
2008-03-11,133.000000,133.000000,132.000000,132.000000,9510,SSI iBoard
2008-03-12,130.000000,134.000000,130.000000,132.000000,11200,SSI iBoard
2008-03-13,136.000000,136.000000,133.000000,133.000000,11900,SSI iBoard
2008-03-14,133.000000,133.000000,131.000000,131.000000,7050,SSI iBoard
2008-03-17,131.000000,131.000000,129.000000,129.000000,11480,SSI iBoard
2008-03-18,128.000000,128.000000,126.000000,126.000000,12350,SSI iBoard
2008-03-19,125.000000,126.000000,124.000000,124.000000,6990,SSI iBoard
2008-03-20,124.000000,129.000000,124.000000,124.000000,8510,SSI iBoard
2008-03-21,124.000000,124.000000,122.000000,122.000000,10300,SSI iBoard
2008-03-24,120.000000,120.000000,118.000000,118.000000,8810,SSI iBoard
2008-03-25,114.000000,114.000000,113.000000,113.000000,2690,SSI iBoard
2008-03-26,115.000000,117.000000,115.000000,116.000000,13600,SSI iBoard
2008-03-27,117.000000,117.000000,117.000000,117.000000,6570,SSI iBoard
2008-03-28,118.000000,118.000000,118.000000,118.000000,2620,SSI iBoard
2008-03-31,119.000000,119.000000,119.000000,119.000000,5910,SSI iBoard
2008-04-01,120.000000,120.000000,120.000000,120.000000,5350,SSI iBoard
2008-04-02,121.000000,121.000000,121.000000,121.000000,10,SSI iBoard
2008-04-03,122.000000,122.000000,122.000000,122.000000,20220,SSI iBoard
2008-04-04,123.000000,123.000000,123.000000,123.000000,26640,SSI iBoard
2008-04-07,125.000000,125.000000,125.000000,125.000000,40290,SSI iBoard
2008-04-08,127.000000,127.000000,127.000000,127.000000,2320,SSI iBoard
2008-04-09,127.000000,129.000000,125.000000,129.000000,36770,SSI iBoard
2008-04-11,125.000000,125.000000,125.000000,125.000000,2700,SSI iBoard
2008-04-17,121.000000,125.000000,121.000000,125.000000,9820,SSI iBoard
2008-04-18,123.000000,123.000000,123.000000,123.000000,1420,SSI iBoard
2008-04-21,121.000000,121.000000,121.000000,121.000000,900,SSI iBoard
2008-04-22,121.000000,121.000000,119.000000,119.000000,7420,SSI iBoard
2008-04-23,117.000000,117.000000,117.000000,117.000000,5480,SSI iBoard
2008-04-24,115.000000,115.000000,115.000000,115.000000,11070,SSI iBoard
2008-04-25,113.000000,113.000000,113.000000,113.000000,100,SSI iBoard
2008-04-28,111.000000,115.000000,111.000000,115.000000,1040,SSI iBoard
2008-05-05,119.000000,119.000000,118.000000,118.000000,420,SSI iBoard
2008-05-07,122.000000,122.000000,120.000000,122.000000,22550,SSI iBoard
2008-05-08,122.000000,123.000000,122.000000,123.000000,21860,SSI iBoard
2008-05-09,121.000000,123.000000,121.000000,123.000000,330,SSI iBoard
2008-05-13,121.000000,123.000000,121.000000,122.000000,160,SSI iBoard
2008-05-16,116.000000,116.000000,116.000000,116.000000,280,SSI iBoard
2008-05-19,114.000000,118.000000,114.000000,118.000000,15180,SSI iBoard
2008-05-20,120.000000,120.000000,116.000000,118.000000,1820,SSI iBoard
2008-05-21,118.000000,118.000000,116.000000,117.000000,16420,SSI iBoard
2008-05-23,116.000000,117.000000,116.000000,117.000000,14520,SSI iBoard
2008-05-30,115.000000,115.000000,113.000000,113.000000,15860,SSI iBoard
2008-06-02,111.000000,114.000000,111.000000,114.000000,410,SSI iBoard
2008-06-03,112.000000,112.000000,112.000000,112.000000,520,SSI iBoard
2008-06-04,110.000000,112.000000,110.000000,112.000000,310,SSI iBoard
2008-06-09,110.000000,110.000000,109.000000,110.000000,650,SSI iBoard
2008-06-11,106.000000,108.000000,106.000000,108.000000,350,SSI iBoard
2008-06-12,110.000000,110.000000,110.000000,110.000000,1290,SSI iBoard
2008-06-13,112.000000,112.000000,112.000000,112.000000,13680,SSI iBoard
2008-06-16,114.000000,114.000000,114.000000,114.000000,29500,SSI iBoard
2008-06-17,116.000000,116.000000,116.000000,116.000000,35600,SSI iBoard
2008-06-18,118.000000,118.000000,114.000000,114.000000,2030,SSI iBoard
2008-06-19,111.000000,111.000000,111.000000,111.000000,1140,SSI iBoard
2008-06-20,108.000000,108.000000,108.000000,108.000000,54350,SSI iBoard
2008-06-23,108.000000,111.000000,108.000000,111.000000,3400,SSI iBoard
2008-06-24,114.000000,114.000000,114.000000,114.000000,1370,SSI iBoard
2008-06-25,111.000000,111.000000,111.000000,111.000000,10020,SSI iBoard
2008-06-26,114.000000,114.000000,108.000000,108.000000,5270,SSI iBoard
2008-06-30,107.000000,108.000000,105.000000,108.000000,6300,SSI iBoard
2008-07-01,108.000000,109.000000,108.000000,108.000000,75370,SSI iBoard
2008-07-02,111.000000,111.000000,111.000000,111.000000,670,SSI iBoard
2008-07-03,114.000000,114.000000,113.000000,114.000000,19030,SSI iBoard
2008-07-04,117.000000,117.000000,114.000000,114.000000,11880,SSI iBoard
2008-07-07,111.000000,111.000000,111.000000,111.000000,2480,SSI iBoard
2008-07-08,108.000000,108.000000,108.000000,110.000000,16290,SSI iBoard
2008-07-09,110.000000,110.000000,108.000000,110.000000,20590,SSI iBoard
2008-07-10,108.000000,110.000000,108.000000,110.000000,17010,SSI iBoard
2008-07-11,110.000000,110.000000,108.000000,110.000000,20390,SSI iBoard
2008-07-14,113.000000,113.000000,113.000000,113.000000,1730,SSI iBoard
2008-07-15,116.000000,116.000000,116.000000,116.000000,14860,SSI iBoard
2008-07-16,118.000000,119.000000,117.000000,118.000000,5360,SSI iBoard
2008-07-17,120.000000,120.000000,118.000000,118.000000,4830,SSI iBoard
2008-07-18,115.000000,118.000000,115.000000,118.000000,6710,SSI iBoard
2008-07-22,112.000000,112.000000,112.000000,112.000000,5510,SSI iBoard
2008-07-23,109.000000,109.000000,109.000000,109.000000,7100,SSI iBoard
2008-07-24,106.000000,109.000000,106.000000,109.000000,3830,SSI iBoard
2008-07-25,109.000000,109.000000,107.000000,112.000000,10220,SSI iBoard
2008-07-28,114.000000,114.000000,112.000000,114.000000,5960,SSI iBoard
2008-07-30,117.000000,119.000000,114.000000,119.000000,23810,SSI iBoard
2008-07-31,120.000000,120.000000,116.000000,120.000000,17010,SSI iBoard
2008-08-01,117.000000,119.000000,117.000000,118.000000,14270,SSI iBoard
2008-08-04,115.000000,119.000000,115.000000,119.000000,12780,SSI iBoard
2008-08-05,119.000000,119.000000,116.000000,119.000000,9490,SSI iBoard
2008-08-06,119.000000,119.000000,118.000000,119.000000,10430,SSI iBoard
2008-08-07,120.000000,120.000000,118.000000,118.000000,12730,SSI iBoard
2008-08-08,115.000000,118.000000,115.000000,118.000000,14650,SSI iBoard
2008-08-11,118.000000,120.000000,118.000000,119.000000,20900,SSI iBoard
2008-08-12,120.000000,120.000000,118.000000,119.000000,17550,SSI iBoard
2008-08-13,119.000000,119.000000,116.000000,119.000000,16870,SSI iBoard
2008-08-14,119.000000,122.000000,118.000000,122.000000,20650,SSI iBoard
2008-08-15,125.000000,125.000000,123.000000,124.000000,24880,SSI iBoard
2008-08-18,118.000000,125.000000,118.000000,124.000000,26570,SSI iBoard
2008-08-20,116.000000,122.000000,116.000000,119.000000,20830,SSI iBoard
2008-08-21,114.000000,117.000000,114.000000,115.000000,20050,SSI iBoard
2008-08-22,115.000000,115.000000,114.000000,114.000000,46650,SSI iBoard
2008-08-25,113.000000,114.000000,113.000000,114.000000,63390,SSI iBoard
2008-08-26,114.000000,115.000000,113.000000,114.000000,82700,SSI iBoard
2008-08-27,114.000000,115.000000,110.000000,110.000000,69560,SSI iBoard
2008-08-28,110.000000,112.000000,110.000000,110.000000,57000,SSI iBoard
2008-08-29,110.000000,110.000000,108.000000,109.000000,40150,SSI iBoard
2008-09-04,106.000000,110.000000,106.000000,110.000000,60450,SSI iBoard
2008-09-05,110.000000,111.000000,109.000000,111.000000,56200,SSI iBoard
2008-09-08,111.000000,112.000000,110.000000,112.000000,71700,SSI iBoard
2008-09-09,111.000000,112.000000,111.000000,111.000000,59690,SSI iBoard
2008-09-10,111.000000,111.000000,110.000000,110.000000,55000,SSI iBoard
2008-09-11,110.000000,110.000000,108.000000,108.000000,43300,SSI iBoard
2008-09-12,104.000000,105.000000,103.000000,103.000000,86110,SSI iBoard
2008-09-15,100.000000,104.000000,100.000000,104.000000,149660,SSI iBoard
2008-09-16,103.000000,103.000000,101.000000,101.000000,50000,SSI iBoard
2008-09-17,96.000000,98.000000,96.000000,98.000000,20520,SSI iBoard
2008-09-18,93.500000,102.000000,93.500000,102.000000,62540,SSI iBoard
2008-09-19,107.000000,107.000000,107.000000,107.000000,438030,SSI iBoard
2008-09-22,112.000000,112.000000,110.000000,112.000000,277740,SSI iBoard
2008-09-23,117.000000,117.000000,113.000000,117.000000,222590,SSI iBoard
2008-09-24,112.000000,118.000000,112.000000,113.000000,96200,SSI iBoard
2008-09-25,118.000000,118.000000,116.000000,118.000000,192980,SSI iBoard
2008-09-26,122.000000,122.000000,118.000000,120.000000,87540,SSI iBoard
2008-09-29,115.000000,120.000000,115.000000,115.000000,84190,SSI iBoard
2008-09-30,110.000000,110.000000,110.000000,110.000000,187200,SSI iBoard
2008-10-01,109.000000,110.000000,108.000000,109.000000,89330,SSI iBoard
2008-10-02,109.000000,110.000000,109.000000,110.000000,122920,SSI iBoard
2008-10-03,107.000000,110.000000,107.000000,109.000000,72270,SSI iBoard
2008-10-06,105.000000,108.000000,105.000000,107.000000,53890,SSI iBoard
2008-10-07,103.000000,104.000000,103.000000,104.000000,49000,SSI iBoard
2008-10-08,99.000000,100.000000,99.000000,99.000000,53860,SSI iBoard
2008-10-09,94.500000,100.000000,94.500000,94.500000,75710,SSI iBoard
2008-10-10,90.000000,95.000000,90.000000,90.000000,90930,SSI iBoard
2008-10-13,90.000000,93.000000,90.000000,91.500000,93500,SSI iBoard
2008-10-14,96.000000,96.000000,96.000000,96.000000,43980,SSI iBoard
2008-10-15,99.000000,99.000000,97.500000,98.000000,77440,SSI iBoard
2008-10-16,95.000000,98.000000,95.000000,97.500000,67040,SSI iBoard
2008-10-17,97.500000,98.000000,97.000000,97.500000,60710,SSI iBoard
2008-10-20,95.000000,96.500000,95.000000,95.000000,49500,SSI iBoard
2008-10-21,96.000000,96.500000,95.000000,96.500000,81100,SSI iBoard
2008-10-22,94.000000,96.000000,94.000000,95.500000,54000,SSI iBoard
2008-10-23,93.000000,95.000000,93.000000,95.000000,81650,SSI iBoard
2008-10-24,91.000000,94.000000,90.500000,90.500000,133290,SSI iBoard
2008-10-27,86.000000,89.000000,86.000000,86.000000,46740,SSI iBoard
2008-10-28,82.000000,84.000000,82.000000,82.000000,12170,SSI iBoard
2008-10-29,82.000000,85.000000,78.500000,78.500000,34690,SSI iBoard
2008-10-30,80.000000,81.000000,79.000000,81.000000,54370,SSI iBoard
2008-10-31,83.000000,85.000000,83.000000,85.000000,88150,SSI iBoard
2008-11-03,88.000000,88.000000,87.000000,87.500000,30200,SSI iBoard
2008-11-04,90.000000,90.000000,89.500000,90.000000,37650,SSI iBoard
2008-11-05,94.500000,94.500000,94.500000,94.500000,29830,SSI iBoard
2008-11-06,92.000000,98.500000,92.000000,97.000000,2500,SSI iBoard
2008-11-07,97.000000,97.000000,94.000000,95.500000,15650,SSI iBoard
2008-11-10,98.000000,98.000000,96.500000,97.000000,26500,SSI iBoard
2008-11-11,97.000000,97.000000,95.000000,95.000000,78130,SSI iBoard
2008-11-12,94.500000,95.000000,93.500000,95.000000,43000,SSI iBoard
2008-11-13,95.000000,97.000000,95.000000,97.000000,98800,SSI iBoard
2008-11-14,99.000000,99.000000,98.000000,98.500000,69000,SSI iBoard
2008-11-17,98.000000,98.000000,97.000000,97.000000,53400,SSI iBoard
2008-11-18,96.500000,96.500000,95.500000,95.500000,41260,SSI iBoard
2008-11-19,96.000000,96.000000,95.000000,95.000000,50840,SSI iBoard
2008-11-20,94.500000,94.500000,94.000000,94.000000,37820,SSI iBoard
2008-11-21,94.000000,96.000000,93.500000,95.000000,74960,SSI iBoard
2008-11-24,95.500000,97.000000,95.500000,97.000000,87540,SSI iBoard
2008-11-25,97.500000,101.000000,97.000000,101.000000,107200,SSI iBoard
2008-11-26,102.000000,102.000000,100.000000,100.000000,44810,SSI iBoard
2008-11-27,100.000000,100.000000,97.000000,97.500000,35530,SSI iBoard
2008-11-28,97.500000,100.000000,97.500000,100.000000,49080,SSI iBoard
2008-12-01,100.000000,100.000000,98.500000,99.000000,39000,SSI iBoard
2008-12-02,96.500000,98.500000,96.500000,98.500000,41610,SSI iBoard
2008-12-03,99.000000,99.000000,98.500000,98.500000,29800,SSI iBoard
2008-12-04,98.500000,99.000000,98.500000,98.500000,36160,SSI iBoard
2008-12-05,97.500000,97.500000,96.500000,96.500000,34040,SSI iBoard
2008-12-08,95.500000,95.500000,94.000000,94.500000,28620,SSI iBoard
2008-12-09,91.000000,94.500000,91.000000,94.500000,36770,SSI iBoard
2008-12-10,94.500000,94.500000,93.000000,93.000000,39580,SSI iBoard
2008-12-11,91.000000,92.500000,88.500000,88.500000,55340,SSI iBoard
2008-12-12,84.500000,85.000000,84.500000,84.500000,54990,SSI iBoard
2008-12-15,82.000000,85.000000,81.000000,83.000000,15520,SSI iBoard
2008-12-16,83.000000,83.000000,79.000000,79.000000,5690,SSI iBoard
2008-12-17,78.000000,79.000000,77.500000,79.000000,41100,SSI iBoard
2008-12-18,80.000000,80.000000,79.000000,79.500000,38790,SSI iBoard
2008-12-19,79.000000,79.000000,76.000000,76.000000,23600,SSI iBoard
2008-12-22,76.500000,76.500000,72.500000,72.500000,13280,SSI iBoard
2008-12-23,69.000000,72.500000,69.000000,69.000000,12040,SSI iBoard
2008-12-24,67.000000,67.000000,66.000000,66.000000,15030,SSI iBoard
2008-12-25,63.000000,63.000000,63.000000,63.000000,12840,SSI iBoard
2008-12-26,60.000000,60.000000,60.000000,60.000000,20860,SSI iBoard
2008-12-29,63.000000,63.000000,63.000000,63.000000,93690,SSI iBoard
2008-12-30,66.000000,66.000000,66.000000,66.000000,283020,SSI iBoard
2008-12-31,68.500000,68.500000,66.000000,66.000000,17750,SSI iBoard
2009-01-02,64.000000,66.000000,63.000000,63.000000,19610,SSI iBoard
2009-01-05,60.000000,61.000000,60.000000,60.500000,26120,SSI iBoard
2009-01-06,61.000000,62.000000,58.000000,59.000000,40630,SSI iBoard
2009-01-07,60.000000,60.500000,57.000000,57.000000,63390,SSI iBoard
2009-01-08,56.500000,58.000000,55.000000,55.000000,42600,SSI iBoard
2009-01-09,56.000000,57.500000,55.000000,57.500000,37940,SSI iBoard
2009-01-12,60.000000,60.000000,58.000000,60.000000,37760,SSI iBoard
2009-01-13,58.000000,58.000000,57.500000,57.500000,12250,SSI iBoard
2009-01-14,57.500000,58.500000,57.000000,57.000000,9900,SSI iBoard
2009-01-15,56.000000,56.000000,55.000000,56.000000,13390,SSI iBoard
2009-01-16,55.500000,55.500000,53.500000,54.000000,32590,SSI iBoard
2009-01-19,54.000000,55.000000,53.500000,54.000000,13560,SSI iBoard
2009-01-20,53.500000,54.500000,53.000000,53.500000,10680,SSI iBoard
2009-01-21,52.000000,52.000000,51.000000,51.000000,28850,SSI iBoard
2009-01-22,51.000000,51.500000,50.000000,50.000000,8290,SSI iBoard
2009-01-23,50.000000,50.000000,49.500000,50.000000,4210,SSI iBoard
2009-02-02,47.800000,50.000000,47.700000,47.800000,8470,SSI iBoard
2009-02-03,45.500000,46.000000,45.500000,45.500000,59430,SSI iBoard
2009-02-04,44.100000,46.000000,43.300000,43.300000,19470,SSI iBoard
2009-02-05,41.200000,41.200000,41.200000,41.200000,8360,SSI iBoard
2009-02-06,39.200000,41.200000,39.200000,41.200000,49170,SSI iBoard
2009-02-09,39.500000,41.000000,39.500000,39.700000,17620,SSI iBoard
2009-02-10,37.800000,39.700000,37.800000,39.700000,27520,SSI iBoard
2009-02-11,37.900000,39.000000,37.900000,39.000000,5180,SSI iBoard
2009-02-12,39.000000,39.000000,37.900000,39.000000,15410,SSI iBoard
2009-02-13,37.400000,38.800000,37.400000,38.700000,8200,SSI iBoard
2009-02-16,38.800000,40.000000,38.800000,40.000000,16450,SSI iBoard
2009-02-17,40.000000,40.000000,38.600000,39.700000,10080,SSI iBoard
2009-02-18,37.800000,39.400000,37.800000,38.600000,18160,SSI iBoard
2009-02-19,39.000000,39.000000,38.000000,38.900000,13160,SSI iBoard
2009-02-20,39.000000,39.000000,38.000000,39.000000,9790,SSI iBoard
2009-02-23,38.000000,39.000000,37.800000,38.700000,18960,SSI iBoard
2009-02-24,38.500000,38.500000,36.800000,36.800000,9260,SSI iBoard
2009-02-25,38.500000,38.600000,38.500000,38.600000,10310,SSI iBoard
2009-02-26,39.000000,39.000000,37.000000,38.700000,11000,SSI iBoard
2009-02-27,38.700000,39.000000,37.700000,39.000000,8790,SSI iBoard
2009-03-02,38.000000,39.200000,38.000000,39.200000,5960,SSI iBoard
2009-03-03,38.300000,39.200000,38.200000,39.200000,7050,SSI iBoard
2009-03-04,41.100000,41.100000,41.100000,41.100000,8090,SSI iBoard
2009-03-05,43.100000,43.100000,42.000000,43.100000,80660,SSI iBoard
2009-03-06,42.500000,42.500000,42.000000,42.500000,7850,SSI iBoard
2009-03-09,42.500000,42.500000,40.600000,42.000000,3060,SSI iBoard
2009-03-10,42.000000,42.000000,41.000000,41.500000,5820,SSI iBoard
2009-03-11,42.500000,42.500000,39.600000,39.600000,14970,SSI iBoard
2009-03-12,38.000000,40.000000,37.700000,40.000000,55820,SSI iBoard
2009-03-13,41.500000,41.500000,40.900000,41.000000,18320,SSI iBoard
2009-03-16,41.900000,41.900000,41.000000,41.100000,2430,SSI iBoard
2009-03-17,41.700000,42.000000,41.200000,41.200000,12080,SSI iBoard
2009-03-18,43.000000,43.200000,42.500000,42.600000,27800,SSI iBoard
2009-03-19,42.600000,42.600000,40.500000,40.500000,10400,SSI iBoard
2009-03-20,40.500000,41.400000,40.400000,40.500000,27150,SSI iBoard
2009-03-23,40.600000,40.600000,40.000000,40.500000,17430,SSI iBoard
2009-03-24,42.500000,42.500000,42.400000,42.500000,35150,SSI iBoard
2009-03-25,43.500000,44.000000,43.000000,44.000000,14320,SSI iBoard
2009-03-26,43.200000,46.200000,43.200000,46.200000,33120,SSI iBoard
2009-03-27,48.500000,48.500000,48.500000,48.500000,10360,SSI iBoard
2009-03-30,46.200000,49.700000,46.200000,48.000000,8970,SSI iBoard
2009-03-31,48.000000,49.000000,48.000000,49.000000,14280,SSI iBoard
2009-04-02,53.500000,53.500000,53.000000,53.000000,7350,SSI iBoard
2009-04-03,53.000000,55.000000,53.000000,55.000000,8400,SSI iBoard
2009-04-07,55.500000,56.000000,53.000000,56.000000,4880,SSI iBoard
2009-04-08,54.000000,56.000000,54.000000,54.000000,6670,SSI iBoard
2009-04-09,52.000000,52.500000,51.500000,51.500000,13020,SSI iBoard
2009-04-10,54.000000,54.000000,54.000000,54.000000,19680,SSI iBoard
2009-04-13,56.500000,56.500000,56.500000,56.500000,2330,SSI iBoard
2009-04-14,59.000000,59.000000,54.000000,57.500000,27910,SSI iBoard
2009-04-15,60.000000,60.000000,55.000000,55.000000,32790,SSI iBoard
2009-04-16,57.500000,57.500000,52.500000,52.500000,8730,SSI iBoard
2009-04-17,51.500000,51.500000,50.000000,50.000000,6850,SSI iBoard
2009-04-20,47.700000,48.000000,47.500000,48.000000,4500,SSI iBoard
2009-04-21,46.000000,46.000000,45.600000,46.000000,6660,SSI iBoard
2009-04-22,48.300000,48.300000,43.700000,48.300000,11580,SSI iBoard
2009-04-23,48.500000,50.000000,48.500000,48.300000,3850,SSI iBoard
2009-04-24,48.300000,49.900000,48.300000,49.900000,3090,SSI iBoard
2009-04-27,52.000000,52.000000,52.000000,52.000000,11890,SSI iBoard
2009-04-28,49.400000,49.400000,49.400000,49.400000,13080,SSI iBoard
2009-04-29,50.000000,51.000000,50.000000,51.000000,4410,SSI iBoard
2009-05-04,53.500000,53.500000,53.000000,53.500000,8280,SSI iBoard
2009-05-05,56.000000,56.000000,56.000000,56.000000,13020,SSI iBoard
2009-05-06,58.500000,58.500000,58.500000,58.500000,64880,SSI iBoard
2009-05-07,61.000000,61.000000,61.000000,61.000000,6990,SSI iBoard
2009-05-08,63.500000,63.500000,61.000000,62.000000,10870,SSI iBoard
2009-05-11,65.000000,65.000000,65.000000,65.000000,47940,SSI iBoard
2009-05-12,68.000000,68.000000,67.500000,67.500000,29000,SSI iBoard
2009-05-13,70.000000,70.000000,68.000000,68.000000,6990,SSI iBoard
2009-05-14,65.000000,67.000000,65.000000,65.000000,8270,SSI iBoard
2009-05-15,66.500000,66.500000,65.000000,65.000000,6220,SSI iBoard
2009-05-18,68.000000,68.000000,67.000000,67.000000,4240,SSI iBoard
2009-05-19,70.000000,70.000000,70.000000,70.000000,48600,SSI iBoard
2009-05-20,73.500000,73.500000,73.500000,73.500000,47320,SSI iBoard
2009-05-21,73.500000,75.000000,73.500000,75.000000,2810,SSI iBoard
2009-05-22,78.500000,78.500000,76.000000,78.000000,46720,SSI iBoard
2009-05-25,81.500000,81.500000,81.500000,81.500000,49110,SSI iBoard
2009-05-26,85.500000,85.500000,85.000000,85.000000,48150,SSI iBoard
2009-05-27,89.000000,89.000000,88.000000,88.000000,71060,SSI iBoard
2009-05-28,92.000000,92.000000,91.000000,92.000000,75340,SSI iBoard
2009-05-29,92.000000,92.000000,87.500000,87.500000,9770,SSI iBoard
2009-06-01,84.500000,91.500000,84.500000,85.500000,3560,SSI iBoard
2009-06-02,89.500000,89.500000,88.500000,89.500000,4110,SSI iBoard
2009-06-03,93.000000,93.000000,88.000000,88.000000,14820,SSI iBoard
2009-06-04,88.000000,90.000000,88.000000,88.000000,9830,SSI iBoard
2009-06-05,92.000000,92.000000,90.000000,90.000000,27480,SSI iBoard
2009-06-08,93.500000,94.500000,91.000000,94.500000,36610,SSI iBoard
2009-06-09,97.500000,97.500000,97.500000,94.500000,3040,SSI iBoard
2009-06-10,94.500000,94.500000,93.000000,90.000000,26270,SSI iBoard
2009-06-11,87.500000,87.500000,87.500000,91.000000,11380,SSI iBoard
2009-06-12,91.000000,93.000000,90.000000,93.000000,20770,SSI iBoard
2009-06-15,88.500000,90.000000,88.500000,90.000000,35670,SSI iBoard
2009-06-16,85.500000,85.500000,85.500000,85.500000,5220,SSI iBoard
2009-06-17,81.500000,81.500000,81.500000,81.500000,7130,SSI iBoard
2009-06-18,82.000000,82.000000,78.500000,78.500000,14280,SSI iBoard
2009-06-19,80.000000,80.000000,76.500000,76.500000,7110,SSI iBoard
2009-06-22,73.000000,73.000000,73.000000,73.000000,5370,SSI iBoard
2009-06-23,69.500000,69.500000,69.500000,69.500000,2580,SSI iBoard
2009-06-24,66.500000,72.000000,66.500000,71.000000,39920,SSI iBoard
2009-06-25,74.000000,74.000000,68.500000,68.500000,8300,SSI iBoard
2009-06-26,68.500000,68.500000,67.000000,68.000000,6580,SSI iBoard
2009-06-29,66.500000,67.500000,66.500000,67.000000,3790,SSI iBoard
2009-07-01,64.000000,66.000000,64.000000,64.000000,2870,SSI iBoard
2009-07-02,65.000000,65.000000,64.000000,64.000000,7230,SSI iBoard
2009-07-03,64.000000,64.000000,63.000000,64.000000,1070,SSI iBoard
2009-07-06,67.000000,67.000000,66.500000,67.000000,10100,SSI iBoard
2009-07-07,68.500000,68.500000,64.000000,67.000000,5370,SSI iBoard
2009-07-08,64.500000,65.500000,64.500000,64.500000,3060,SSI iBoard
2009-07-09,67.500000,67.500000,65.500000,67.000000,6850,SSI iBoard
2009-07-10,64.500000,67.000000,64.500000,64.500000,8070,SSI iBoard
2009-07-13,63.000000,66.000000,61.500000,62.000000,2780,SSI iBoard
2009-07-14,62.000000,62.000000,59.000000,59.000000,16040,SSI iBoard
2009-07-15,61.000000,61.000000,60.500000,61.000000,1060,SSI iBoard
2009-07-16,63.000000,63.000000,61.000000,61.000000,4300,SSI iBoard
2009-07-17,61.500000,62.000000,61.000000,62.000000,12310,SSI iBoard
2009-07-20,59.000000,59.000000,59.000000,59.000000,3740,SSI iBoard
2009-07-21,56.500000,59.000000,56.500000,59.000000,5070,SSI iBoard
2009-07-22,61.500000,61.500000,61.500000,61.500000,3930,SSI iBoard
2009-07-23,64.500000,64.500000,64.500000,64.500000,8790,SSI iBoard
2009-07-24,67.500000,67.500000,67.500000,67.500000,8390,SSI iBoard
2009-07-27,70.500000,70.500000,70.500000,70.500000,41570,SSI iBoard
2009-07-28,74.000000,74.000000,70.000000,74.000000,193480,SSI iBoard
2009-07-30,74.000000,74.000000,74.000000,74.000000,1570,SSI iBoard
2009-07-31,76.000000,77.000000,75.500000,77.000000,21650,SSI iBoard
2009-08-03,78.500000,78.500000,75.000000,77.500000,3360,SSI iBoard
2009-08-05,76.500000,76.500000,73.000000,75.000000,1010,SSI iBoard
2009-08-06,75.000000,77.500000,75.000000,77.000000,24780,SSI iBoard
2009-08-07,73.500000,78.000000,73.500000,77.500000,5790,SSI iBoard
2009-08-10,77.500000,79.000000,74.500000,77.500000,3240,SSI iBoard
2009-08-11,74.500000,76.000000,74.000000,74.000000,7500,SSI iBoard
2009-08-12,74.000000,76.000000,72.000000,74.500000,5230,SSI iBoard
2009-08-13,76.500000,76.500000,74.500000,76.000000,4300,SSI iBoard
2009-08-14,78.000000,78.000000,78.000000,78.000000,300,SSI iBoard
2009-08-17,78.000000,78.000000,74.500000,74.500000,3870,SSI iBoard
2009-08-18,74.500000,74.500000,71.500000,74.500000,3520,SSI iBoard
2009-08-19,74.500000,75.000000,72.000000,74.500000,2490,SSI iBoard
2009-08-20,74.500000,74.500000,73.000000,74.500000,3820,SSI iBoard
2009-08-21,74.000000,76.000000,74.000000,75.000000,8690,SSI iBoard
2009-08-24,73.000000,75.000000,73.000000,73.500000,5000,SSI iBoard
2009-08-25,76.500000,76.500000,73.000000,73.500000,15470,SSI iBoard
2009-08-26,73.500000,74.000000,73.500000,74.000000,5830,SSI iBoard
2009-08-27,74.000000,75.000000,73.000000,75.000000,2000,SSI iBoard
2009-08-28,75.000000,75.000000,73.500000,74.500000,1680,SSI iBoard
2009-08-31,76.500000,76.500000,74.000000,74.500000,4150,SSI iBoard
2009-09-01,75.500000,78.000000,74.500000,78.000000,21760,SSI iBoard
2009-09-03,74.500000,75.000000,74.500000,74.500000,17990,SSI iBoard
2009-09-04,74.500000,76.500000,74.000000,74.500000,1530,SSI iBoard
2009-09-07,74.000000,74.000000,74.000000,74.000000,8100,SSI iBoard
2009-09-08,74.000000,74.000000,73.000000,74.000000,5660,SSI iBoard
2009-09-09,73.000000,74.500000,73.000000,74.000000,10540,SSI iBoard
2009-09-10,74.500000,74.500000,73.000000,74.500000,480,SSI iBoard
2009-09-11,75.000000,75.000000,74.500000,74.500000,3600,SSI iBoard
2009-09-14,73.000000,74.500000,73.000000,74.500000,2940,SSI iBoard
2009-09-15,72.500000,74.500000,72.500000,73.000000,5790,SSI iBoard
2009-09-16,70.000000,74.000000,70.000000,70.000000,12990,SSI iBoard
2009-09-17,70.000000,73.500000,70.000000,70.500000,18940,SSI iBoard
2009-09-18,70.500000,73.500000,70.500000,73.500000,370,SSI iBoard
2009-09-21,74.000000,74.000000,71.500000,73.500000,2550,SSI iBoard
2009-09-22,71.000000,73.000000,71.000000,73.000000,1760,SSI iBoard
2009-09-23,73.000000,73.000000,71.000000,71.500000,10200,SSI iBoard
2009-09-24,71.000000,71.000000,69.000000,69.000000,6850,SSI iBoard
2009-09-25,69.000000,72.000000,69.000000,70.000000,4880,SSI iBoard
2009-09-28,70.000000,72.500000,68.000000,70.000000,1970,SSI iBoard
2009-09-29,68.000000,72.000000,68.000000,70.000000,6530,SSI iBoard
2009-09-30,69.000000,69.000000,68.000000,69.000000,4880,SSI iBoard
2009-10-01,68.000000,70.000000,68.000000,70.000000,3700,SSI iBoard
2009-10-02,66.500000,69.000000,66.500000,66.500000,4350,SSI iBoard
2009-10-05,65.000000,66.500000,65.000000,66.500000,3240,SSI iBoard
2009-10-06,66.500000,68.000000,66.500000,67.000000,1930,SSI iBoard
2009-10-07,67.500000,68.000000,66.000000,67.500000,2550,SSI iBoard
2009-10-08,68.000000,68.000000,65.000000,67.000000,690,SSI iBoard
2009-10-09,67.000000,68.000000,65.500000,67.500000,7180,SSI iBoard
2009-10-12,68.000000,68.000000,67.000000,67.500000,5840,SSI iBoard
2009-10-13,66.000000,67.500000,66.000000,67.000000,2970,SSI iBoard
2009-10-14,67.500000,70.000000,67.500000,69.500000,6920,SSI iBoard
2009-10-15,72.000000,72.000000,67.500000,70.000000,8230,SSI iBoard
2009-10-16,67.500000,71.000000,67.500000,70.000000,5700,SSI iBoard
2009-10-19,68.500000,70.000000,68.500000,69.000000,2110,SSI iBoard
2009-10-20,69.000000,70.000000,69.000000,69.000000,5270,SSI iBoard
2009-10-21,69.000000,69.500000,69.000000,69.000000,11780,SSI iBoard
2009-10-22,69.000000,69.500000,68.500000,69.000000,7920,SSI iBoard
2009-10-23,69.000000,69.000000,66.000000,66.000000,8030,SSI iBoard
2009-10-26,66.000000,69.000000,66.000000,69.000000,11960,SSI iBoard
2009-10-27,66.000000,66.500000,66.000000,66.000000,12060,SSI iBoard
2009-10-28,66.000000,69.000000,66.000000,69.000000,12630,SSI iBoard
2009-10-29,71.500000,72.000000,69.000000,72.000000,29350,SSI iBoard
2009-10-30,75.500000,75.500000,72.000000,74.000000,37380,SSI iBoard
2009-11-02,74.000000,71.000000,70.500000,70.500000,22060,SSI iBoard
2009-11-03,67.500000,67.500000,67.000000,67.000000,9030,SSI iBoard
2009-11-04,67.000000,68.500000,65.000000,67.000000,6040,SSI iBoard
2009-11-05,69.000000,69.500000,67.500000,69.000000,7980,SSI iBoard
2009-11-06,72.000000,72.000000,67.000000,71.000000,13340,SSI iBoard
2009-11-09,67.500000,67.500000,67.500000,67.500000,4580,SSI iBoard
2009-11-10,67.500000,70.000000,65.000000,65.000000,4760,SSI iBoard
2009-11-11,62.000000,67.000000,62.000000,66.500000,6920,SSI iBoard
2009-11-12,68.000000,68.000000,64.000000,66.000000,12660,SSI iBoard
2009-11-13,66.000000,66.000000,64.000000,64.000000,10660,SSI iBoard
2009-11-16,65.000000,65.000000,63.500000,64.000000,3270,SSI iBoard
2009-11-17,63.000000,63.000000,61.000000,62.000000,32370,SSI iBoard
2009-11-18,61.000000,62.000000,59.500000,59.500000,54980,SSI iBoard
2009-11-19,62.000000,62.000000,60.500000,62.000000,41590,SSI iBoard
2009-11-20,62.000000,65.000000,62.000000,65.000000,10410,SSI iBoard
2009-11-23,66.500000,66.500000,62.000000,64.000000,18360,SSI iBoard
2009-11-24,62.000000,64.000000,61.500000,61.500000,12800,SSI iBoard
2009-11-25,58.500000,61.500000,58.500000,58.500000,13230,SSI iBoard
2009-11-26,56.000000,56.000000,56.000000,56.000000,20600,SSI iBoard
2009-11-27,57.000000,58.500000,53.500000,58.500000,35810,SSI iBoard
2009-11-30,61.000000,61.000000,61.000000,61.000000,6530,SSI iBoard
2009-12-01,61.000000,64.000000,64.000000,64.000000,3180,SSI iBoard
2009-12-02,67.000000,67.000000,65.500000,67.000000,38060,SSI iBoard
2009-12-03,64.000000,67.000000,64.000000,67.000000,10430,SSI iBoard
2009-12-04,67.000000,67.000000,64.000000,64.500000,8990,SSI iBoard
2009-12-07,64.500000,64.500000,62.000000,62.000000,3560,SSI iBoard
2009-12-08,60.500000,60.500000,59.000000,59.000000,12570,SSI iBoard
2009-12-09,56.500000,58.000000,56.500000,56.500000,16280,SSI iBoard
2009-12-10,55.000000,56.500000,54.000000,56.500000,18540,SSI iBoard
2009-12-11,54.000000,56.500000,54.000000,54.000000,11850,SSI iBoard
2009-12-14,54.000000,56.500000,51.500000,51.500000,142220,SSI iBoard
2009-12-15,49.700000,51.500000,49.000000,49.000000,50800,SSI iBoard
2009-12-16,46.700000,50.000000,46.600000,46.600000,25020,SSI iBoard
2009-12-17,44.300000,44.500000,44.300000,44.300000,17230,SSI iBoard
2009-12-18,42.100000,44.300000,42.100000,42.100000,75880,SSI iBoard
2009-12-21,44.200000,44.200000,42.300000,44.200000,23590,SSI iBoard
2009-12-22,46.400000,46.400000,45.500000,46.400000,36250,SSI iBoard
2009-12-23,48.000000,48.700000,46.000000,48.700000,51610,SSI iBoard
2009-12-24,48.000000,51.000000,48.000000,51.000000,77710,SSI iBoard
2009-12-25,53.500000,53.500000,51.000000,53.000000,46400,SSI iBoard
2009-12-28,53.000000,53.500000,50.500000,53.000000,35850,SSI iBoard
2009-12-29,50.500000,52.000000,50.500000,50.500000,17190,SSI iBoard
2009-12-30,48.100000,50.500000,48.100000,50.000000,32970,SSI iBoard
2009-12-31,49.500000,50.500000,47.900000,48.000000,61320,SSI iBoard
2010-01-04,49.800000,50.000000,48.000000,50.000000,319180,SSI iBoard
2010-01-05,52.500000,52.500000,51.500000,52.500000,54720,SSI iBoard
2010-01-06,52.500000,52.500000,51.000000,51.500000,10630,SSI iBoard
2010-01-07,49.000000,51.000000,49.000000,49.500000,24230,SSI iBoard
2010-01-08,48.600000,49.900000,47.500000,47.500000,112310,SSI iBoard
2010-01-11,48.400000,49.000000,47.500000,48.000000,49640,SSI iBoard
2010-01-12,48.500000,48.800000,47.800000,47.800000,24560,SSI iBoard
2010-01-13,46.000000,47.500000,46.000000,47.000000,12050,SSI iBoard
2010-01-14,48.000000,48.800000,47.000000,47.000000,36220,SSI iBoard
2010-01-15,46.100000,47.000000,45.300000,46.000000,33240,SSI iBoard
2010-01-18,44.600000,46.500000,43.700000,43.900000,49940,SSI iBoard
2010-01-19,43.900000,45.000000,43.800000,44.300000,17370,SSI iBoard
2010-01-20,45.800000,45.800000,42.600000,42.600000,17180,SSI iBoard
2010-01-21,42.000000,44.000000,41.000000,43.700000,34160,SSI iBoard
2010-01-22,42.500000,43.800000,42.500000,43.500000,23220,SSI iBoard
2010-01-25,43.500000,43.900000,43.200000,43.500000,12160,SSI iBoard
2010-01-26,43.000000,44.800000,43.000000,44.000000,25070,SSI iBoard
2010-01-27,42.100000,44.000000,42.000000,42.000000,23620,SSI iBoard
2010-01-28,42.000000,43.500000,40.000000,42.000000,16160,SSI iBoard
2010-01-29,42.000000,42.000000,40.100000,42.000000,14420,SSI iBoard
2010-02-01,43.000000,43.000000,42.000000,42.000000,2950,SSI iBoard
2010-02-02,41.100000,42.000000,41.000000,41.200000,15150,SSI iBoard
2010-02-03,41.700000,41.700000,41.200000,41.200000,8900,SSI iBoard
2010-02-04,41.200000,42.000000,41.000000,41.500000,5280,SSI iBoard
2010-02-05,41.100000,41.500000,39.500000,41.000000,17770,SSI iBoard
2010-02-08,39.600000,40.500000,39.500000,39.500000,16820,SSI iBoard
2010-02-09,40.900000,40.900000,39.500000,39.600000,43520,SSI iBoard
2010-02-10,40.500000,40.700000,39.500000,39.700000,12480,SSI iBoard
2010-02-11,40.000000,40.000000,39.400000,39.700000,25760,SSI iBoard
2010-02-12,40.600000,40.600000,39.700000,39.900000,70710,SSI iBoard
2010-02-22,41.800000,41.800000,41.500000,41.800000,481440,SSI iBoard
2010-02-23,43.500000,43.800000,42.700000,43.800000,57690,SSI iBoard
2010-02-24,45.900000,45.900000,45.600000,45.900000,37350,SSI iBoard
2010-02-25,48.100000,48.100000,45.900000,46.100000,134360,SSI iBoard
2010-02-26,44.000000,45.000000,43.800000,43.800000,123750,SSI iBoard
2010-03-01,43.800000,43.800000,42.500000,42.500000,83470,SSI iBoard
2010-03-02,42.900000,43.500000,41.500000,41.500000,67600,SSI iBoard
2010-03-03,42.900000,43.200000,41.800000,42.100000,88930,SSI iBoard
2010-03-04,43.000000,43.100000,41.500000,42.000000,87050,SSI iBoard
2010-03-05,41.700000,42.300000,41.700000,41.900000,65000,SSI iBoard
2010-03-08,43.000000,43.200000,42.100000,42.500000,46670,SSI iBoard
2010-03-09,42.200000,42.700000,42.000000,42.300000,60480,SSI iBoard
2010-03-10,42.300000,42.500000,42.000000,42.000000,62070,SSI iBoard
2010-03-11,42.500000,42.900000,41.900000,41.900000,33520,SSI iBoard
2010-03-12,42.300000,42.300000,41.500000,41.800000,54790,SSI iBoard
2010-03-15,41.800000,42.500000,41.800000,42.000000,71230,SSI iBoard
2010-03-16,42.000000,42.000000,41.000000,41.000000,43880,SSI iBoard
2010-03-17,41.000000,41.000000,40.000000,40.000000,53760,SSI iBoard
2010-03-18,40.900000,42.000000,40.500000,42.000000,25710,SSI iBoard
2010-03-19,39.900000,42.100000,39.900000,39.900000,117700,SSI iBoard
2010-03-22,39.700000,41.800000,39.700000,41.800000,81680,SSI iBoard
2010-03-23,41.200000,41.600000,41.100000,41.300000,8470,SSI iBoard
2010-03-24,41.200000,41.500000,40.800000,40.800000,20980,SSI iBoard
2010-03-25,40.500000,40.500000,39.500000,39.700000,81150,SSI iBoard
2010-03-26,39.900000,40.000000,39.000000,39.000000,60880,SSI iBoard
2010-03-29,40.900000,40.900000,40.900000,40.900000,253900,SSI iBoard
2010-03-30,42.600000,42.800000,41.500000,42.600000,149750,SSI iBoard
2010-03-31,42.500000,42.500000,41.500000,41.500000,55780,SSI iBoard
2010-04-01,40.600000,41.500000,40.600000,41.500000,42700,SSI iBoard
2010-04-02,41.500000,41.500000,40.900000,41.000000,69360,SSI iBoard
2010-04-05,41.000000,41.500000,41.000000,41.000000,63260,SSI iBoard
2010-04-06,41.500000,41.800000,41.000000,41.000000,51130,SSI iBoard
2010-04-07,41.000000,41.500000,41.000000,41.000000,45280,SSI iBoard
2010-04-08,41.000000,41.500000,40.400000,41.500000,69970,SSI iBoard
2010-04-09,41.800000,42.000000,41.200000,41.400000,40730,SSI iBoard
2010-04-12,41.500000,41.500000,40.800000,41.000000,62580,SSI iBoard
2010-04-13,40.800000,41.200000,40.700000,40.700000,44340,SSI iBoard
2010-04-14,40.600000,41.100000,40.600000,40.700000,23070,SSI iBoard
2010-04-15,41.500000,41.500000,40.700000,41.000000,26140,SSI iBoard
2010-04-16,41.000000,41.900000,41.000000,41.800000,39380,SSI iBoard
2010-04-19,41.000000,41.800000,41.000000,41.000000,17830,SSI iBoard
2010-04-20,43.000000,43.000000,42.500000,42.500000,128880,SSI iBoard
2010-04-21,43.400000,43.400000,42.600000,42.700000,42980,SSI iBoard
2010-04-22,44.500000,44.800000,44.000000,44.800000,133680,SSI iBoard
2010-04-26,44.800000,47.000000,45.500000,47.000000,163310,SSI iBoard
2010-04-27,49.000000,49.300000,48.000000,49.300000,161810,SSI iBoard
2010-04-28,51.000000,51.500000,51.000000,51.500000,87920,SSI iBoard
2010-04-29,54.000000,54.000000,54.000000,54.000000,84670,SSI iBoard
2010-05-04,52.500000,54.000000,51.500000,51.500000,299620,SSI iBoard
2010-05-05,49.000000,49.000000,49.000000,49.000000,57830,SSI iBoard
2010-05-06,51.000000,51.000000,50.000000,51.000000,251670,SSI iBoard
2010-05-07,48.800000,51.000000,48.500000,49.000000,171390,SSI iBoard
2010-05-10,48.500000,49.000000,46.900000,46.900000,134780,SSI iBoard
2010-05-11,48.500000,48.500000,46.000000,46.500000,80940,SSI iBoard
2010-05-12,45.000000,45.500000,44.200000,44.200000,111980,SSI iBoard
2010-05-13,46.300000,46.300000,43.000000,43.000000,93460,SSI iBoard
2010-05-14,44.700000,45.100000,44.000000,45.100000,64070,SSI iBoard
2010-05-17,47.000000,47.300000,45.000000,47.300000,83950,SSI iBoard
2010-05-18,46.500000,47.900000,46.000000,46.000000,20560,SSI iBoard
2010-05-19,43.700000,46.000000,43.700000,43.700000,144350,SSI iBoard
2010-05-20,42.000000,45.000000,42.000000,45.000000,72790,SSI iBoard
2010-05-21,42.800000,44.900000,42.800000,42.800000,85010,SSI iBoard
2010-05-24,41.000000,42.800000,40.800000,41.000000,90450,SSI iBoard
2010-05-25,39.800000,41.000000,39.400000,39.400000,141160,SSI iBoard
2010-05-26,40.500000,41.300000,40.000000,41.300000,81450,SSI iBoard
2010-05-27,28.000000,28.000000,28.000000,28.000000,3080,SSI iBoard
2010-05-28,29.400000,29.400000,29.400000,29.400000,13900,SSI iBoard
2010-05-31,30.500000,30.800000,29.400000,30.800000,261410,SSI iBoard
2010-06-01,30.800000,32.000000,29.600000,31.500000,99090,SSI iBoard
2010-06-02,30.600000,32.000000,30.600000,32.000000,68630,SSI iBoard
2010-06-03,32.000000,33.000000,32.000000,32.900000,80880,SSI iBoard
2010-06-04,32.900000,33.000000,32.000000,32.000000,144920,SSI iBoard
2010-06-07,30.500000,32.300000,30.500000,32.300000,133550,SSI iBoard
2010-06-08,31.500000,33.400000,31.500000,33.400000,96210,SSI iBoard
2010-06-09,32.700000,35.000000,32.700000,34.800000,162440,SSI iBoard
2010-06-10,35.400000,35.900000,34.500000,35.400000,72860,SSI iBoard
2010-06-11,36.500000,36.500000,35.600000,36.000000,14180,SSI iBoard
2010-06-14,36.600000,37.200000,36.400000,37.000000,65160,SSI iBoard
2010-06-15,37.000000,37.000000,35.800000,36.500000,62040,SSI iBoard
2010-06-16,36.500000,36.500000,35.600000,36.500000,56620,SSI iBoard
2010-06-17,36.900000,36.900000,36.000000,36.500000,47980,SSI iBoard
2010-06-18,36.500000,37.000000,36.200000,36.600000,66320,SSI iBoard
2010-06-21,37.000000,37.000000,36.000000,36.200000,39560,SSI iBoard
2010-06-22,34.400000,36.200000,34.400000,35.000000,52850,SSI iBoard
2010-06-23,35.000000,35.500000,34.500000,35.400000,79700,SSI iBoard
2010-06-24,34.700000,36.500000,34.700000,36.200000,104750,SSI iBoard
2010-06-25,36.000000,36.400000,35.000000,36.200000,76840,SSI iBoard
2010-06-28,36.200000,36.200000,35.000000,35.200000,19350,SSI iBoard
2010-06-29,35.200000,36.000000,35.200000,35.300000,26140,SSI iBoard
2010-06-30,35.000000,35.900000,35.000000,35.900000,49290,SSI iBoard
2010-07-01,36.000000,36.000000,35.000000,35.800000,26100,SSI iBoard
2010-07-02,35.900000,36.000000,35.200000,35.500000,45320,SSI iBoard
2010-07-05,35.500000,35.500000,35.200000,35.400000,23820,SSI iBoard
2010-07-06,34.200000,35.300000,34.200000,35.000000,34390,SSI iBoard
2010-07-07,35.900000,36.000000,35.000000,35.500000,24250,SSI iBoard
2010-07-08,36.000000,36.400000,35.400000,36.000000,26850,SSI iBoard
2010-07-09,36.000000,36.000000,35.000000,36.000000,24020,SSI iBoard
2010-07-12,35.000000,36.200000,35.000000,36.200000,13110,SSI iBoard
2010-07-13,36.900000,36.900000,36.000000,36.500000,31100,SSI iBoard
2010-07-14,35.500000,36.800000,35.500000,36.500000,26420,SSI iBoard
2010-07-15,36.000000,36.500000,35.500000,36.000000,66040,SSI iBoard
2010-07-16,36.200000,36.200000,35.600000,36.000000,22510,SSI iBoard
2010-07-19,36.000000,36.000000,35.100000,36.000000,44870,SSI iBoard
2010-07-20,36.000000,36.000000,34.600000,35.800000,69950,SSI iBoard
2010-07-21,35.000000,35.700000,35.000000,35.700000,23700,SSI iBoard
2010-07-22,34.800000,35.000000,34.600000,34.600000,24090,SSI iBoard
2010-07-23,34.600000,35.800000,34.600000,35.700000,12610,SSI iBoard
2010-07-26,35.700000,35.700000,35.200000,35.600000,11240,SSI iBoard
2010-07-27,35.600000,35.600000,35.000000,35.000000,12100,SSI iBoard
2010-07-28,34.800000,35.000000,34.200000,34.500000,15660,SSI iBoard
2010-07-29,33.900000,36.000000,33.900000,35.000000,10560,SSI iBoard
2010-07-30,35.200000,35.500000,34.100000,35.500000,9200,SSI iBoard
2010-08-02,35.500000,35.500000,34.500000,35.500000,9680,SSI iBoard
2010-08-03,35.800000,35.800000,34.900000,35.600000,13530,SSI iBoard
2010-08-04,35.800000,35.800000,34.200000,35.500000,10270,SSI iBoard
2010-08-05,35.500000,35.500000,34.500000,35.400000,17200,SSI iBoard
2010-08-06,35.500000,35.500000,34.200000,35.500000,12920,SSI iBoard
2010-08-09,35.000000,35.000000,34.500000,34.900000,4540,SSI iBoard
2010-08-10,34.900000,35.000000,33.500000,34.800000,8190,SSI iBoard
2010-08-11,35.000000,35.800000,33.600000,35.800000,59920,SSI iBoard
2010-08-12,35.900000,36.000000,34.500000,35.800000,46990,SSI iBoard
2010-08-13,35.800000,36.000000,34.600000,36.000000,29900,SSI iBoard
2010-08-16,36.300000,36.400000,34.500000,36.200000,37020,SSI iBoard
2010-08-17,35.500000,36.500000,35.500000,36.400000,56280,SSI iBoard
2010-08-18,36.800000,37.000000,36.000000,36.200000,26060,SSI iBoard
2010-08-19,36.800000,36.800000,35.400000,36.700000,25060,SSI iBoard
2010-08-20,36.900000,36.900000,35.600000,36.800000,25900,SSI iBoard
2010-08-23,37.000000,37.000000,36.800000,37.000000,17400,SSI iBoard
2010-08-24,37.000000,37.500000,35.700000,36.900000,11330,SSI iBoard
2010-08-25,37.000000,37.000000,35.200000,36.600000,13700,SSI iBoard
2010-08-26,36.600000,36.900000,35.500000,36.800000,22370,SSI iBoard
2010-08-27,36.800000,36.900000,35.600000,36.800000,16340,SSI iBoard
2010-08-30,37.000000,37.000000,35.600000,37.000000,21530,SSI iBoard
2010-08-31,37.000000,37.000000,35.600000,37.000000,29270,SSI iBoard
2010-09-01,37.000000,37.000000,35.300000,37.000000,13880,SSI iBoard
2010-09-06,35.600000,36.500000,35.400000,35.400000,65930,SSI iBoard
2010-09-07,35.000000,35.200000,33.700000,33.700000,99000,SSI iBoard
2010-09-08,33.000000,33.000000,32.100000,33.000000,129370,SSI iBoard
2010-09-09,33.900000,33.900000,32.000000,33.000000,29270,SSI iBoard
2010-09-10,33.000000,33.000000,32.200000,32.500000,21840,SSI iBoard
2010-09-13,31.000000,32.500000,31.000000,32.000000,40220,SSI iBoard
2010-09-14,32.000000,32.000000,31.000000,31.900000,67010,SSI iBoard
2010-09-15,31.800000,32.000000,31.000000,31.500000,41490,SSI iBoard
2010-09-16,31.400000,31.800000,31.100000,31.800000,20300,SSI iBoard
2010-09-17,32.000000,32.500000,31.300000,32.400000,23690,SSI iBoard
2010-09-20,33.000000,33.000000,32.000000,32.700000,23990,SSI iBoard
2010-09-21,32.700000,32.800000,32.000000,32.700000,25290,SSI iBoard
2010-09-22,32.000000,32.800000,31.500000,32.700000,27070,SSI iBoard
2010-09-23,32.100000,32.700000,31.300000,31.900000,23260,SSI iBoard
2010-09-24,32.300000,32.300000,31.500000,32.200000,31840,SSI iBoard
2010-09-27,31.500000,32.200000,31.300000,32.000000,18760,SSI iBoard
2010-09-28,31.100000,32.500000,31.100000,32.500000,20650,SSI iBoard
2010-09-29,32.500000,32.500000,31.500000,31.500000,32080,SSI iBoard
2010-09-30,31.500000,31.700000,30.700000,31.000000,28380,SSI iBoard
2010-10-01,31.000000,31.000000,29.600000,30.900000,39350,SSI iBoard
2010-10-04,30.900000,30.900000,29.400000,30.500000,46090,SSI iBoard
2010-10-05,29.000000,31.000000,29.000000,30.500000,19620,SSI iBoard
2010-10-06,30.700000,30.700000,29.300000,30.700000,16010,SSI iBoard
2010-10-07,29.400000,30.700000,29.400000,30.700000,21040,SSI iBoard
2010-10-08,30.700000,30.700000,29.500000,30.100000,18990,SSI iBoard
2010-10-11,29.200000,30.100000,29.100000,30.100000,29520,SSI iBoard
2010-10-12,29.500000,30.100000,29.400000,30.000000,11420,SSI iBoard
2010-10-13,29.200000,30.000000,29.200000,30.000000,17030,SSI iBoard
2010-10-14,29.300000,31.000000,29.300000,30.300000,18140,SSI iBoard
2010-10-15,30.000000,30.300000,29.500000,30.000000,13770,SSI iBoard
2010-10-18,30.000000,30.000000,29.200000,29.900000,32190,SSI iBoard
2010-10-19,29.400000,29.800000,29.000000,29.400000,14970,SSI iBoard
2010-10-20,29.000000,29.500000,28.000000,28.100000,12620,SSI iBoard
2010-10-21,28.500000,28.900000,28.100000,28.400000,16820,SSI iBoard
2010-10-22,28.700000,28.800000,27.500000,28.300000,16330,SSI iBoard
2010-10-25,28.300000,28.900000,28.000000,28.900000,28490,SSI iBoard
2010-10-26,28.900000,30.300000,29.000000,30.300000,41970,SSI iBoard
2010-10-27,31.500000,31.500000,29.600000,30.500000,17170,SSI iBoard
2010-10-28,30.600000,30.600000,30.300000,30.500000,14420,SSI iBoard
2010-10-29,30.900000,31.000000,30.700000,30.900000,19790,SSI iBoard
2010-11-01,30.500000,31.000000,30.000000,30.900000,14160,SSI iBoard
2010-11-02,30.900000,30.900000,30.200000,30.800000,12750,SSI iBoard
2010-11-03,30.500000,30.800000,30.500000,30.500000,8600,SSI iBoard
2010-11-04,30.400000,30.500000,29.100000,30.500000,31560,SSI iBoard
2010-11-05,30.500000,30.500000,29.100000,30.500000,17620,SSI iBoard
2010-11-08,30.400000,30.600000,29.400000,30.500000,8120,SSI iBoard
2010-11-09,29.200000,30.500000,29.200000,30.400000,9510,SSI iBoard
2010-11-10,29.300000,30.400000,29.300000,30.300000,18330,SSI iBoard
2010-11-11,30.300000,30.300000,30.000000,30.300000,8030,SSI iBoard
2010-11-12,29.900000,30.300000,29.300000,30.100000,15780,SSI iBoard
2010-11-15,30.200000,30.200000,29.300000,29.300000,15720,SSI iBoard
2010-11-16,28.000000,30.000000,28.000000,30.000000,11180,SSI iBoard
2010-11-17,30.400000,30.500000,28.600000,28.600000,13660,SSI iBoard
2010-11-18,29.900000,29.900000,28.700000,28.700000,7200,SSI iBoard
2010-11-19,28.700000,29.800000,28.700000,29.800000,7840,SSI iBoard
2010-11-22,28.600000,30.000000,28.600000,30.000000,7240,SSI iBoard
2010-11-23,28.700000,31.000000,28.700000,31.000000,41160,SSI iBoard
2010-11-24,30.900000,31.200000,30.000000,31.200000,42270,SSI iBoard
2010-11-25,31.200000,31.900000,30.000000,31.800000,33510,SSI iBoard
2010-11-26,32.000000,32.000000,30.600000,31.900000,34980,SSI iBoard
2010-11-29,31.900000,33.000000,31.900000,33.000000,30560,SSI iBoard
2010-11-30,32.000000,34.600000,32.000000,34.500000,29070,SSI iBoard
2010-12-01,33.300000,34.900000,33.000000,34.500000,28300,SSI iBoard
2010-12-02,34.500000,35.000000,34.000000,35.000000,53540,SSI iBoard
2010-12-03,35.000000,35.500000,34.000000,34.000000,36400,SSI iBoard
2010-12-06,34.900000,34.900000,32.600000,34.000000,41360,SSI iBoard
2010-12-07,34.000000,34.000000,32.700000,33.900000,22090,SSI iBoard
2010-12-08,32.600000,33.900000,32.400000,33.800000,28410,SSI iBoard
2010-12-09,33.000000,33.900000,33.000000,33.900000,35740,SSI iBoard
2010-12-10,34.000000,35.000000,33.200000,34.900000,42270,SSI iBoard
2010-12-13,35.000000,36.500000,35.000000,36.000000,37360,SSI iBoard
2010-12-14,36.000000,36.000000,34.500000,35.400000,26960,SSI iBoard
2010-12-15,33.700000,36.000000,33.700000,35.500000,46050,SSI iBoard
2010-12-16,35.500000,36.000000,34.000000,35.500000,24530,SSI iBoard
2010-12-17,35.000000,36.500000,35.000000,36.500000,18370,SSI iBoard
2010-12-20,37.000000,37.000000,35.500000,35.600000,6960,SSI iBoard
2010-12-21,34.600000,36.900000,34.600000,36.700000,25480,SSI iBoard
2010-12-22,36.800000,37.500000,36.700000,37.500000,33160,SSI iBoard
2010-12-23,37.500000,39.300000,37.500000,39.300000,54040,SSI iBoard
2010-12-24,37.400000,40.900000,37.400000,39.700000,39210,SSI iBoard
2010-12-27,38.000000,40.000000,38.000000,40.000000,10120,SSI iBoard
2010-12-28,41.000000,41.000000,39.000000,40.500000,19910,SSI iBoard
2010-12-29,41.200000,41.500000,40.500000,41.000000,15930,SSI iBoard
2010-12-30,41.000000,42.000000,41.000000,42.000000,12350,SSI iBoard
2010-12-31,42.500000,42.500000,41.000000,42.200000,13070,SSI iBoard
2011-01-04,42.500000,42.500000,42.300000,42.400000,11000,SSI iBoard
2011-01-05,43.000000,44.400000,42.000000,44.400000,41160,SSI iBoard
2011-01-06,45.400000,46.500000,42.600000,46.500000,28400,SSI iBoard
2011-01-07,48.700000,48.800000,47.500000,48.800000,52780,SSI iBoard
2011-01-10,51.000000,51.000000,50.000000,51.000000,70840,SSI iBoard
2011-01-11,53.000000,53.500000,52.000000,53.500000,84460,SSI iBoard
2011-01-12,56.000000,56.000000,56.000000,56.000000,66360,SSI iBoard
2011-01-13,58.500000,58.500000,56.000000,56.000000,194280,SSI iBoard
2011-01-14,53.500000,56.000000,53.500000,53.500000,161940,SSI iBoard
2011-01-17,51.000000,52.000000,51.000000,51.000000,117870,SSI iBoard
2011-01-18,51.000000,53.500000,49.000000,52.000000,80160,SSI iBoard
2011-01-19,51.000000,53.000000,49.400000,49.400000,55760,SSI iBoard
2011-01-20,51.500000,51.500000,47.100000,47.200000,37230,SSI iBoard
2011-01-21,45.500000,47.000000,44.900000,45.000000,40340,SSI iBoard
2011-01-24,43.200000,44.500000,42.800000,43.500000,28660,SSI iBoard
2011-01-25,41.400000,45.600000,41.400000,45.500000,41420,SSI iBoard
2011-01-26,47.000000,47.000000,45.500000,46.500000,14290,SSI iBoard
2011-01-27,45.000000,46.000000,44.200000,44.200000,43560,SSI iBoard
2011-01-28,46.000000,46.000000,44.000000,44.400000,28910,SSI iBoard
2011-02-08,44.400000,46.600000,44.400000,46.600000,16240,SSI iBoard
2011-02-09,48.600000,48.600000,45.400000,47.400000,15170,SSI iBoard
2011-02-10,47.600000,48.000000,45.300000,48.000000,23590,SSI iBoard
2011-02-11,48.000000,48.800000,48.000000,48.500000,18210,SSI iBoard
2011-02-14,49.000000,49.000000,48.500000,48.500000,65190,SSI iBoard
2011-02-15,48.500000,49.000000,48.500000,48.500000,37110,SSI iBoard
2011-02-16,48.400000,49.000000,48.000000,48.000000,39060,SSI iBoard
2011-02-17,48.500000,50.000000,48.400000,50.000000,46420,SSI iBoard
2011-02-18,50.000000,52.500000,50.000000,52.500000,42630,SSI iBoard
2011-02-21,52.500000,52.500000,49.900000,49.900000,29780,SSI iBoard
2011-02-22,48.000000,52.000000,48.000000,51.000000,21490,SSI iBoard
2011-02-23,53.500000,53.500000,51.000000,51.500000,5160,SSI iBoard
2011-02-24,51.000000,52.000000,50.000000,51.500000,70910,SSI iBoard
2011-02-25,51.500000,53.000000,51.000000,52.500000,14350,SSI iBoard
2011-02-28,54.500000,55.000000,53.000000,53.000000,49330,SSI iBoard
2011-03-01,52.000000,54.500000,52.000000,54.500000,15590,SSI iBoard
2011-03-02,54.500000,55.000000,54.000000,55.000000,49570,SSI iBoard
2011-03-03,55.000000,57.500000,55.500000,56.500000,21540,SSI iBoard
2011-03-04,57.000000,59.000000,57.000000,59.000000,41990,SSI iBoard
2011-03-07,60.500000,61.500000,60.500000,61.500000,35470,SSI iBoard
2011-03-08,64.500000,64.500000,64.500000,64.500000,36930,SSI iBoard
2011-03-09,67.500000,67.500000,67.500000,67.500000,22190,SSI iBoard
2011-03-10,70.500000,70.500000,70.000000,70.500000,30610,SSI iBoard
2011-03-11,74.000000,74.000000,74.000000,74.000000,11500,SSI iBoard
2011-03-14,70.500000,75.000000,70.500000,70.500000,28660,SSI iBoard
2011-03-15,67.000000,67.000000,67.000000,67.000000,6190,SSI iBoard
2011-03-16,64.000000,64.000000,64.000000,64.000000,22280,SSI iBoard
2011-03-17,61.000000,65.000000,61.000000,64.000000,173340,SSI iBoard
2011-03-18,66.500000,67.000000,64.000000,67.000000,14390,SSI iBoard
2011-03-21,65.000000,70.000000,65.000000,70.000000,26240,SSI iBoard
2011-03-22,72.000000,73.000000,69.000000,70.000000,33980,SSI iBoard
2011-03-23,66.500000,68.000000,66.500000,66.500000,30310,SSI iBoard
2011-03-24,65.500000,67.000000,63.500000,63.500000,26330,SSI iBoard
2011-03-25,64.000000,64.500000,62.000000,64.500000,12960,SSI iBoard
2011-03-28,64.000000,66.000000,62.000000,62.000000,15870,SSI iBoard
2011-03-29,62.500000,63.500000,61.000000,63.000000,12460,SSI iBoard
2011-03-30,60.000000,63.500000,60.000000,63.500000,15150,SSI iBoard
2011-03-31,64.000000,66.500000,64.000000,66.500000,21630,SSI iBoard
2011-04-01,67.000000,68.500000,64.500000,66.500000,17210,SSI iBoard
2011-04-04,67.500000,67.500000,64.000000,64.000000,8030,SSI iBoard
2011-04-05,65.500000,65.500000,62.000000,63.500000,3900,SSI iBoard
2011-04-06,65.000000,65.500000,63.000000,65.000000,3980,SSI iBoard
2011-04-07,64.500000,65.000000,63.500000,65.000000,5030,SSI iBoard
2011-04-08,64.500000,64.500000,63.000000,63.000000,9360,SSI iBoard
2011-04-13,62.000000,63.000000,62.000000,63.000000,6980,SSI iBoard
2011-04-14,63.000000,64.000000,61.500000,61.500000,13890,SSI iBoard
2011-04-15,61.500000,62.000000,60.500000,61.000000,15430,SSI iBoard
2011-04-18,61.000000,61.000000,58.000000,58.500000,30570,SSI iBoard
2011-04-19,59.500000,61.000000,59.500000,61.000000,12090,SSI iBoard
2011-04-20,62.500000,64.000000,62.500000,64.000000,21880,SSI iBoard
2011-04-21,64.000000,65.500000,63.000000,64.000000,20050,SSI iBoard
2011-04-22,64.000000,65.000000,62.000000,62.500000,11500,SSI iBoard
2011-04-25,63.500000,64.000000,61.000000,61.000000,10050,SSI iBoard
2011-04-26,59.500000,60.500000,59.000000,59.500000,33120,SSI iBoard
2011-04-27,58.500000,61.000000,58.500000,60.000000,25420,SSI iBoard
2011-04-28,60.000000,63.000000,60.000000,63.000000,24100,SSI iBoard
2011-04-29,64.000000,66.000000,64.000000,66.000000,28240,SSI iBoard
2011-05-04,68.000000,69.000000,68.000000,69.000000,21470,SSI iBoard
2011-05-05,72.000000,72.000000,67.000000,69.000000,85430,SSI iBoard
2011-05-06,68.000000,69.000000,67.000000,67.000000,20280,SSI iBoard
2011-05-09,69.000000,70.000000,68.000000,70.000000,37330,SSI iBoard
2011-05-10,73.000000,73.500000,70.500000,70.500000,21500,SSI iBoard
2011-05-11,69.500000,69.500000,68.500000,69.000000,4580,SSI iBoard
2011-05-12,70.000000,72.000000,69.500000,70.000000,24470,SSI iBoard
2011-05-13,70.000000,70.500000,69.000000,70.000000,27970,SSI iBoard
2011-05-16,68.000000,70.000000,67.000000,67.000000,21800,SSI iBoard
2011-05-17,66.500000,68.000000,64.000000,64.000000,36590,SSI iBoard
2011-05-18,62.000000,64.000000,61.000000,61.000000,49900,SSI iBoard
2011-05-19,59.500000,63.000000,59.500000,60.000000,30090,SSI iBoard
2011-05-20,59.500000,61.500000,57.000000,57.000000,54100,SSI iBoard
2011-05-24,52.000000,56.500000,52.000000,54.000000,67150,SSI iBoard
2011-05-25,52.000000,54.000000,51.500000,51.500000,29950,SSI iBoard
2011-05-26,49.000000,54.000000,49.000000,54.000000,63260,SSI iBoard
2011-05-27,55.000000,56.500000,55.000000,56.500000,39720,SSI iBoard
2011-05-30,56.500000,59.000000,56.000000,59.000000,56600,SSI iBoard
2011-05-31,59.000000,61.500000,57.500000,61.500000,28010,SSI iBoard
2011-06-01,63.000000,64.500000,61.500000,64.500000,30830,SSI iBoard
2011-06-02,65.000000,67.000000,65.000000,67.000000,27400,SSI iBoard
2011-06-03,67.500000,67.500000,64.000000,64.000000,59420,SSI iBoard
2011-06-06,61.000000,61.000000,61.000000,61.000000,1780,SSI iBoard
2011-06-07,58.500000,64.000000,58.500000,63.000000,50450,SSI iBoard
2011-06-08,63.000000,63.000000,60.000000,60.000000,34950,SSI iBoard
2011-06-09,59.000000,61.500000,58.500000,60.000000,23120,SSI iBoard
2011-06-10,60.000000,62.000000,58.500000,59.000000,12060,SSI iBoard
2011-06-13,59.000000,61.000000,59.000000,60.000000,20220,SSI iBoard
2011-06-14,61.000000,63.000000,60.000000,60.500000,23990,SSI iBoard
2011-06-15,59.500000,60.500000,58.500000,58.500000,17190,SSI iBoard
2011-06-16,59.500000,60.500000,59.000000,60.000000,11450,SSI iBoard
2011-06-17,60.000000,62.500000,60.000000,62.000000,25230,SSI iBoard
2011-06-20,61.000000,63.000000,59.000000,59.000000,9290,SSI iBoard
2011-06-21,59.000000,61.500000,59.000000,61.500000,7310,SSI iBoard
2011-06-22,61.000000,62.000000,59.000000,59.000000,15630,SSI iBoard
2011-06-23,61.000000,61.000000,58.500000,58.500000,770,SSI iBoard
2011-06-24,60.000000,60.500000,59.000000,60.000000,11530,SSI iBoard
2011-06-27,62.000000,62.000000,59.000000,61.500000,11720,SSI iBoard
2011-06-28,61.500000,62.000000,61.000000,61.500000,10050,SSI iBoard
2011-06-29,62.000000,62.000000,60.000000,60.000000,6050,SSI iBoard
2011-06-30,59.000000,61.500000,59.000000,59.000000,4280,SSI iBoard
2011-07-01,59.000000,59.000000,56.500000,57.000000,9680,SSI iBoard
2011-07-04,57.000000,59.500000,57.000000,58.500000,6040,SSI iBoard
2011-07-05,58.000000,61.000000,58.000000,60.500000,3910,SSI iBoard
2011-07-06,60.500000,60.500000,60.500000,60.500000,2750,SSI iBoard
2011-07-07,60.500000,60.500000,60.000000,60.000000,2550,SSI iBoard
2011-07-08,60.000000,60.000000,59.000000,59.000000,5180,SSI iBoard
2011-07-11,60.000000,60.500000,59.000000,59.000000,4550,SSI iBoard
2011-07-12,60.500000,60.500000,58.000000,59.000000,10330,SSI iBoard
2011-07-13,60.000000,60.000000,59.000000,60.000000,5420,SSI iBoard
2011-07-14,59.000000,60.500000,59.000000,60.500000,10050,SSI iBoard
2011-07-15,61.000000,61.000000,59.000000,60.500000,7880,SSI iBoard
2011-07-18,60.500000,61.000000,60.500000,61.000000,6830,SSI iBoard
2011-07-19,61.000000,61.500000,60.500000,61.000000,7010,SSI iBoard
2011-07-20,61.500000,62.000000,61.000000,62.000000,10440,SSI iBoard
2011-07-21,62.500000,63.000000,62.000000,63.000000,4960,SSI iBoard
2011-07-22,63.000000,63.500000,63.000000,63.000000,8480,SSI iBoard
2011-07-25,66.000000,66.000000,66.000000,66.000000,2260,SSI iBoard
2011-07-26,69.000000,69.000000,66.000000,67.500000,24490,SSI iBoard
2011-07-27,68.000000,68.000000,66.000000,67.500000,8430,SSI iBoard
2011-07-28,66.000000,68.000000,65.000000,65.000000,13540,SSI iBoard
2011-07-29,66.000000,67.000000,64.500000,65.500000,4830,SSI iBoard
2011-08-01,67.500000,68.500000,67.000000,68.500000,19490,SSI iBoard
2011-08-02,69.500000,71.500000,69.500000,71.500000,28150,SSI iBoard
2011-08-03,72.500000,72.500000,69.500000,71.000000,5740,SSI iBoard
2011-08-04,71.000000,72.000000,70.500000,71.500000,17930,SSI iBoard
2011-08-05,71.500000,72.000000,70.500000,72.000000,13400,SSI iBoard
2011-08-08,69.000000,73.000000,69.000000,72.000000,8040,SSI iBoard
2011-08-09,68.500000,72.000000,68.500000,71.500000,13060,SSI iBoard
2011-08-10,71.500000,72.000000,70.000000,71.500000,10260,SSI iBoard
2011-08-11,71.500000,71.500000,70.500000,71.500000,4860,SSI iBoard
2011-08-12,71.500000,72.000000,70.000000,72.000000,17600,SSI iBoard
2011-08-15,73.000000,73.500000,73.000000,73.500000,6820,SSI iBoard
2011-08-16,74.000000,77.000000,74.000000,76.500000,15350,SSI iBoard
2011-08-17,79.500000,80.000000,79.500000,80.000000,19120,SSI iBoard
2011-08-18,83.500000,84.000000,83.000000,83.500000,12690,SSI iBoard
2011-08-19,87.000000,87.000000,79.500000,86.000000,16770,SSI iBoard
2011-08-22,88.000000,88.000000,85.000000,85.000000,33090,SSI iBoard
2011-08-23,82.500000,82.500000,81.000000,81.500000,42640,SSI iBoard
2011-08-24,81.500000,84.000000,81.500000,84.000000,4840,SSI iBoard
2011-08-25,85.000000,87.000000,84.000000,87.000000,2390,SSI iBoard
2011-08-26,88.000000,90.000000,87.000000,88.000000,12270,SSI iBoard
2011-08-29,89.000000,89.000000,86.000000,88.000000,23080,SSI iBoard
2011-08-30,92.000000,92.000000,89.000000,89.000000,7150,SSI iBoard
2011-08-31,89.500000,90.000000,89.000000,89.000000,2330,SSI iBoard
2011-09-01,91.000000,91.000000,88.000000,90.000000,5610,SSI iBoard
2011-09-05,90.000000,90.000000,86.000000,89.500000,13790,SSI iBoard
2011-09-06,86.000000,89.000000,86.000000,89.000000,10760,SSI iBoard
2011-09-07,92.500000,92.500000,90.000000,92.000000,4230,SSI iBoard
2011-09-08,92.000000,92.000000,92.000000,92.000000,8680,SSI iBoard
2011-09-09,92.000000,96.500000,92.000000,96.500000,4410,SSI iBoard
2011-09-12,99.000000,99.000000,96.500000,96.500000,6950,SSI iBoard
2011-09-13,99.000000,99.500000,92.000000,98.000000,8140,SSI iBoard
2011-09-14,98.000000,98.000000,93.500000,97.000000,10020,SSI iBoard
2011-09-15,94.000000,96.000000,92.500000,96.000000,13010,SSI iBoard
2011-09-16,93.000000,93.000000,91.500000,91.500000,10990,SSI iBoard
2011-09-19,90.000000,94.000000,90.000000,94.000000,9910,SSI iBoard
2011-09-20,90.000000,94.500000,90.000000,90.000000,11900,SSI iBoard
2011-09-21,86.000000,92.500000,86.000000,89.000000,14680,SSI iBoard
2011-09-22,93.000000,93.000000,88.000000,88.500000,18030,SSI iBoard
2011-09-23,85.500000,90.000000,84.500000,84.500000,18120,SSI iBoard
2011-09-26,87.500000,87.500000,84.000000,84.000000,11170,SSI iBoard
2011-09-27,82.500000,88.000000,82.500000,83.000000,10160,SSI iBoard
2011-09-28,87.000000,87.000000,80.000000,80.500000,16600,SSI iBoard
2011-09-29,79.000000,84.500000,79.000000,79.000000,18070,SSI iBoard
2011-09-30,76.000000,81.000000,76.000000,81.000000,11410,SSI iBoard
2011-10-03,85.000000,85.000000,82.500000,85.000000,38950,SSI iBoard
2011-10-04,89.000000,89.000000,81.500000,85.000000,8470,SSI iBoard
2011-10-05,86.500000,89.000000,82.500000,89.000000,16210,SSI iBoard
2011-10-06,87.000000,92.000000,85.500000,89.000000,7540,SSI iBoard
2011-10-07,90.000000,90.000000,86.000000,87.000000,10050,SSI iBoard
2011-10-10,85.500000,89.000000,85.500000,86.000000,6730,SSI iBoard
2011-10-11,86.000000,88.000000,86.000000,88.000000,3870,SSI iBoard
2011-10-12,86.000000,88.000000,85.000000,86.000000,5280,SSI iBoard
2011-10-13,83.000000,88.000000,83.000000,88.000000,4330,SSI iBoard
2011-10-14,86.000000,89.000000,86.000000,89.000000,4780,SSI iBoard
2011-10-17,87.000000,87.000000,85.000000,85.000000,3100,SSI iBoard
2011-10-18,83.000000,83.000000,81.500000,83.000000,3160,SSI iBoard
2011-10-19,79.500000,83.000000,79.000000,83.000000,19680,SSI iBoard
2011-10-20,80.000000,83.000000,80.000000,83.000000,5470,SSI iBoard
2011-10-21,83.000000,83.500000,80.000000,82.500000,9940,SSI iBoard
2011-10-24,81.500000,82.000000,81.500000,81.500000,9560,SSI iBoard
2011-10-25,80.500000,80.500000,78.500000,78.500000,2540,SSI iBoard
2011-10-26,80.000000,80.000000,78.500000,78.500000,7470,SSI iBoard
2011-10-27,80.000000,80.000000,76.500000,76.500000,10070,SSI iBoard
2011-10-28,79.000000,79.000000,77.000000,77.000000,5120,SSI iBoard
2011-10-31,75.000000,77.000000,74.000000,76.500000,9600,SSI iBoard
2011-11-01,76.500000,76.500000,74.000000,75.000000,9830,SSI iBoard
2011-11-02,72.000000,73.000000,71.500000,71.500000,21240,SSI iBoard
2011-11-03,69.000000,74.000000,69.000000,74.000000,6630,SSI iBoard
2011-11-04,75.000000,76.000000,72.000000,76.000000,12850,SSI iBoard
2011-11-07,73.000000,78.500000,73.000000,78.500000,9760,SSI iBoard
2011-11-08,78.000000,78.500000,77.000000,77.000000,3260,SSI iBoard
2011-11-09,77.000000,77.000000,77.000000,77.000000,6100,SSI iBoard
2011-11-10,77.000000,77.000000,76.500000,76.500000,7000,SSI iBoard
2011-11-11,76.500000,76.500000,73.000000,75.500000,9020,SSI iBoard
2011-11-14,75.500000,75.500000,73.000000,74.500000,17120,SSI iBoard
2011-11-15,72.000000,74.500000,71.000000,73.000000,11930,SSI iBoard
2011-11-16,75.000000,75.000000,74.000000,75.000000,17000,SSI iBoard
2011-11-17,75.000000,75.000000,74.000000,74.500000,10110,SSI iBoard
2011-11-18,73.000000,73.000000,71.000000,71.000000,25620,SSI iBoard
2011-11-21,73.500000,73.500000,72.500000,73.000000,5510,SSI iBoard
2011-11-22,72.000000,73.500000,72.000000,73.500000,6020,SSI iBoard
2011-11-23,72.000000,75.500000,72.000000,75.000000,11130,SSI iBoard
2011-11-24,76.000000,76.000000,71.500000,72.000000,29370,SSI iBoard
2011-11-28,74.500000,76.000000,74.500000,76.000000,5820,SSI iBoard
2011-11-29,76.500000,76.500000,76.000000,76.000000,4200,SSI iBoard
2011-11-30,76.000000,76.500000,76.000000,76.000000,2900,SSI iBoard
2011-12-01,74.000000,76.000000,74.000000,76.000000,5260,SSI iBoard
2011-12-02,76.000000,78.000000,76.000000,78.000000,3840,SSI iBoard
2011-12-05,78.000000,78.000000,78.000000,78.000000,4000,SSI iBoard
2011-12-06,78.000000,81.000000,78.000000,80.000000,4800,SSI iBoard
2011-12-07,80.000000,80.000000,78.000000,78.000000,3020,SSI iBoard
2011-12-08,80.000000,80.000000,76.000000,76.000000,2510,SSI iBoard
2011-12-09,77.500000,77.500000,75.000000,75.000000,5010,SSI iBoard
2011-12-12,72.000000,72.000000,72.000000,72.000000,2340,SSI iBoard
2011-12-13,72.000000,72.000000,72.000000,72.000000,2420,SSI iBoard
2011-12-14,75.500000,75.500000,74.500000,74.500000,4370,SSI iBoard
2011-12-15,77.000000,78.000000,77.000000,78.000000,9820,SSI iBoard
2011-12-16,81.000000,81.500000,78.000000,78.000000,270,SSI iBoard
2011-12-19,80.000000,80.000000,76.000000,79.500000,2370,SSI iBoard
2011-12-20,78.500000,79.500000,78.500000,79.500000,6000,SSI iBoard
2011-12-21,80.000000,80.000000,78.500000,79.500000,7520,SSI iBoard
2011-12-22,79.500000,80.500000,77.000000,80.000000,8510,SSI iBoard
2011-12-23,80.000000,80.500000,80.000000,80.500000,5580,SSI iBoard
2025-05-13,85.500000,85.500000,85.500000,85.500000,4800,SSI iBoard
2025-05-14,91.400000,91.400000,91.400000,91.400000,2100100,SSI iBoard
2025-05-15,97.700000,97.700000,97.700000,97.700000,1815600,SSI iBoard
2025-05-16,104.500000,104.500000,93.300000,101.000000,1163300,SSI iBoard
2025-05-19,100.000000,101.000000,96.400000,98.200000,381300,SSI iBoard
2025-05-20,95.100000,102.000000,95.100000,99.500000,617200,SSI iBoard
2025-05-21,99.700000,101.300000,95.700000,98.000000,396300,SSI iBoard
2025-05-22,96.500000,96.500000,92.000000,92.000000,597200,SSI iBoard
2025-05-23,90.500000,92.600000,90.300000,90.300000,196400,SSI iBoard
2025-05-26,90.300000,90.600000,84.000000,90.000000,401600,SSI iBoard
2025-05-27,89.800000,89.800000,87.200000,87.200000,208100,SSI iBoard
2025-05-28,86.600000,90.500000,86.500000,88.000000,283300,SSI iBoard
2025-05-29,88.000000,90.000000,87.600000,88.500000,175500,SSI iBoard
2025-05-30,88.400000,89.200000,88.000000,89.000000,216300,SSI iBoard
2025-06-02,89.000000,89.000000,87.000000,87.500000,126000,SSI iBoard
2025-06-03,87.500000,88.100000,87.000000,87.500000,166300,SSI iBoard
2025-06-04,88.000000,88.000000,87.100000,88.000000,97700,SSI iBoard
2025-06-05,88.000000,88.600000,87.500000,88.200000,105700,SSI iBoard
2025-06-06,88.200000,88.300000,87.500000,88.200000,104600,SSI iBoard
2025-06-09,87.600000,88.400000,87.500000,88.200000,134600,SSI iBoard
2025-06-10,88.400000,88.400000,87.400000,88.200000,99300,SSI iBoard
2025-06-11,88.200000,88.200000,88.000000,88.200000,61200,SSI iBoard
2025-06-12,86.000000,88.200000,86.000000,88.200000,101700,SSI iBoard
2025-06-13,87.000000,88.200000,87.000000,88.200000,177800,SSI iBoard
2025-06-16,88.100000,94.300000,87.800000,94.000000,287600,SSI iBoard
2025-06-17,94.100000,96.000000,93.900000,95.400000,125700,SSI iBoard
2025-06-18,95.900000,95.900000,94.200000,94.300000,92300,SSI iBoard
2025-06-19,90.000000,95.300000,90.000000,94.200000,47500,SSI iBoard
2025-06-20,93.100000,94.200000,93.100000,93.500000,73900,SSI iBoard
2025-06-23,93.300000,94.500000,91.300000,94.500000,34700,SSI iBoard
2025-06-24,94.500000,95.000000,93.400000,94.600000,46300,SSI iBoard
2025-06-25,94.100000,94.900000,94.000000,94.600000,23300,SSI iBoard
2025-06-26,94.000000,94.600000,93.700000,94.600000,36900,SSI iBoard
2025-06-27,92.600000,94.600000,92.500000,94.600000,37900,SSI iBoard
2025-06-30,94.600000,94.600000,94.000000,94.600000,31900,SSI iBoard
2025-07-01,94.600000,94.600000,93.600000,94.600000,36400,SSI iBoard
2025-07-02,94.600000,94.600000,93.300000,94.600000,31700,SSI iBoard
2025-07-03,93.500000,94.100000,93.500000,94.100000,64700,SSI iBoard
2025-07-04,94.000000,94.100000,93.200000,94.100000,22900,SSI iBoard
2025-07-07,94.100000,94.100000,93.500000,94.100000,23700,SSI iBoard
2025-07-08,93.800000,94.100000,93.400000,94.100000,22500,SSI iBoard
2025-07-09,94.100000,94.100000,93.700000,94.100000,46800,SSI iBoard
2025-07-10,94.100000,97.000000,93.500000,93.700000,243900,SSI iBoard
2025-07-11,94.500000,94.500000,92.300000,92.300000,359600,SSI iBoard
2025-07-14,93.700000,93.700000,92.300000,92.400000,329000,SSI iBoard
2025-07-15,93.500000,93.500000,91.500000,92.000000,399100,SSI iBoard
2025-07-16,90.400000,91.600000,90.400000,91.300000,418800,SSI iBoard
2025-07-17,91.400000,91.500000,88.800000,90.300000,510200,SSI iBoard
2025-07-18,90.600000,91.200000,89.800000,90.100000,339600,SSI iBoard
2025-07-21,90.200000,90.300000,88.900000,88.900000,378700,SSI iBoard
2025-07-22,88.400000,88.800000,88.000000,88.400000,405300,SSI iBoard
2025-07-23,88.400000,88.500000,87.900000,88.200000,435300,SSI iBoard
2025-07-24,88.200000,88.200000,87.200000,88.000000,410100,SSI iBoard
2025-07-25,88.000000,88.200000,87.400000,87.600000,406000,SSI iBoard
2025-07-28,88.000000,88.400000,87.500000,87.900000,398700,SSI iBoard
2025-07-29,88.000000,88.000000,86.000000,86.000000,531100,SSI iBoard
2025-07-30,86.000000,86.100000,85.000000,85.300000,376000,SSI iBoard
2025-07-31,84.400000,84.400000,80.100000,82.700000,260300,SSI iBoard
2025-08-01,82.200000,83.000000,81.900000,81.900000,229600,SSI iBoard
2025-08-04,82.500000,86.300000,82.500000,85.000000,243500,SSI iBoard
2025-08-05,86.200000,86.200000,83.800000,84.000000,439400,SSI iBoard
2025-08-06,85.400000,85.400000,83.800000,84.900000,394200,SSI iBoard
2025-08-07,84.900000,84.900000,84.000000,84.900000,383500,SSI iBoard
2025-08-08,84.900000,84.900000,84.000000,84.000000,359300,SSI iBoard
2025-08-11,84.800000,84.800000,83.500000,84.000000,395000,SSI iBoard
2025-08-12,83.500000,84.000000,82.900000,84.000000,473200,SSI iBoard
2025-08-13,84.200000,84.200000,83.000000,83.300000,208700,SSI iBoard
2025-08-14,83.300000,83.300000,82.500000,82.800000,234300,SSI iBoard
2025-08-15,83.000000,83.000000,82.300000,82.900000,259900,SSI iBoard
2025-08-18,82.800000,82.800000,81.600000,81.600000,30000,SSI iBoard
2025-08-19,82.700000,82.700000,81.500000,81.500000,213800,SSI iBoard
2025-08-20,81.300000,81.500000,78.000000,81.500000,317300,SSI iBoard
2025-08-21,81.400000,81.400000,80.000000,80.900000,75200,SSI iBoard
2025-08-22,80.900000,80.900000,78.900000,80.800000,328400,SSI iBoard
2025-08-25,80.100000,80.800000,78.900000,80.800000,338900,SSI iBoard
2025-08-26,80.600000,80.600000,79.900000,80.200000,227000,SSI iBoard
2025-08-27,80.000000,80.200000,79.500000,80.200000,334900,SSI iBoard
2025-08-28,79.700000,80.300000,79.700000,80.200000,326700,SSI iBoard
2025-08-29,80.200000,80.200000,79.700000,80.200000,342200,SSI iBoard
2025-09-03,80.300000,80.300000,79.700000,80.200000,378400,SSI iBoard
2025-09-04,80.200000,80.200000,79.700000,80.100000,359200,SSI iBoard
2025-09-05,80.100000,80.900000,80.100000,80.400000,377700,SSI iBoard
2025-09-08,80.500000,80.500000,79.400000,80.300000,374400,SSI iBoard
2025-09-09,79.600000,80.300000,79.100000,80.300000,461800,SSI iBoard
2025-09-10,80.100000,80.300000,79.700000,80.300000,361500,SSI iBoard
2025-09-11,80.500000,80.500000,79.500000,80.300000,439500,SSI iBoard
2025-09-12,80.500000,80.500000,79.800000,80.300000,374500,SSI iBoard
2025-09-15,80.300000,80.400000,79.600000,80.300000,499400,SSI iBoard
2025-09-16,80.300000,80.300000,79.600000,80.200000,400800,SSI iBoard
2025-09-17,80.100000,80.300000,79.700000,80.300000,497000,SSI iBoard
2025-09-18,80.200000,80.200000,79.900000,80.000000,439400,SSI iBoard
2025-09-19,80.000000,80.000000,79.600000,80.000000,444000,SSI iBoard
2025-09-22,80.000000,80.200000,79.200000,80.200000,524000,SSI iBoard
2025-09-23,80.000000,80.200000,79.400000,80.200000,370600,SSI iBoard
2025-09-24,79.900000,80.100000,79.500000,80.100000,435500,SSI iBoard
2025-09-25,80.000000,80.100000,79.500000,80.100000,376100,SSI iBoard
2025-09-26,80.000000,80.200000,79.800000,80.200000,425000,SSI iBoard
2025-09-29,80.100000,80.100000,79.600000,80.000000,616200,SSI iBoard
2025-09-30,80.000000,80.200000,79.800000,80.200000,427700,SSI iBoard
2025-10-01,79.800000,80.200000,79.800000,80.200000,538900,SSI iBoard
2025-10-02,80.200000,80.300000,79.700000,80.300000,438700,SSI iBoard
2025-10-03,80.300000,80.300000,79.800000,80.000000,557600,SSI iBoard
2025-10-06,80.200000,83.000000,80.000000,81.000000,1099100,SSI iBoard
2025-10-07,81.500000,86.600000,81.200000,86.600000,2485400,SSI iBoard
2025-10-08,88.900000,88.900000,85.700000,86.600000,660000,SSI iBoard
2025-10-09,86.800000,92.200000,86.100000,87.200000,1278800,SSI iBoard
2025-10-10,88.600000,89.800000,86.400000,89.000000,1148200,SSI iBoard
2025-10-13,87.600000,91.900000,87.600000,89.200000,1103500,SSI iBoard
2025-10-14,90.500000,91.100000,86.000000,86.500000,1529200,SSI iBoard
2025-10-15,86.800000,86.800000,82.500000,83.700000,707100,SSI iBoard
2025-10-16,83.700000,83.800000,81.600000,82.100000,590100,SSI iBoard
2025-10-17,81.000000,82.000000,79.000000,79.000000,588000,SSI iBoard
2025-10-20,74.600000,78.500000,73.500000,73.500000,645700,SSI iBoard
2025-10-21,72.200000,74.100000,69.000000,74.100000,426900,SSI iBoard
2025-10-22,75.300000,79.000000,73.800000,79.000000,371700,SSI iBoard
2025-10-23,79.000000,81.900000,77.600000,80.600000,698500,SSI iBoard
2025-10-24,80.600000,82.200000,79.500000,82.200000,544700,SSI iBoard
2025-10-27,82.200000,82.900000,81.000000,81.000000,328600,SSI iBoard
2025-10-28,79.100000,80.900000,77.500000,80.000000,391300,SSI iBoard
2025-10-29,80.200000,80.300000,77.000000,79.200000,360400,SSI iBoard
2025-10-30,79.200000,80.000000,77.500000,77.500000,390300,SSI iBoard
2025-10-31,77.500000,79.000000,77.100000,77.100000,413700,SSI iBoard
2025-11-03,78.000000,78.000000,75.500000,75.500000,124800,SSI iBoard
2025-11-04,75.500000,75.900000,73.000000,74.500000,190800,SSI iBoard
2025-11-05,74.600000,74.600000,73.700000,74.600000,78100,SSI iBoard
2025-11-06,75.700000,75.700000,73.800000,73.800000,77000,SSI iBoard
2025-11-07,73.900000,73.900000,71.300000,71.500000,192400,SSI iBoard
2025-11-10,71.600000,71.700000,70.200000,70.500000,43400,SSI iBoard
2025-11-11,70.700000,72.600000,70.500000,72.000000,69800,SSI iBoard
2025-11-12,71.700000,73.800000,71.700000,73.500000,51800,SSI iBoard
2025-11-13,74.200000,74.200000,72.500000,72.900000,35800,SSI iBoard
2025-11-14,73.000000,73.000000,71.700000,72.000000,38700,SSI iBoard
2025-11-17,72.000000,72.900000,71.800000,71.900000,53300,SSI iBoard
2025-11-18,72.700000,72.700000,71.800000,72.000000,41200,SSI iBoard
2025-11-19,72.200000,72.200000,71.800000,72.000000,24300,SSI iBoard
2025-11-20,72.000000,72.600000,71.800000,72.000000,16600,SSI iBoard
2025-11-21,72.000000,74.500000,70.900000,74.500000,480300,SSI iBoard
2025-11-24,74.600000,79.000000,74.000000,77.900000,455300,SSI iBoard
2025-11-25,77.900000,83.300000,77.900000,81.500000,792200,SSI iBoard
2025-11-26,82.000000,87.200000,80.600000,87.200000,559400,SSI iBoard
2025-11-27,89.000000,90.000000,87.300000,89.500000,596900,SSI iBoard
2025-11-28,88.000000,95.700000,88.000000,95.000000,2093900,SSI iBoard
2025-12-01,96.200000,101.600000,96.200000,101.600000,3294200,SSI iBoard
2025-12-02,108.700000,108.700000,103.000000,103.800000,2995400,SSI iBoard
2025-12-03,106.000000,106.300000,99.500000,100.000000,1220200,SSI iBoard
2025-12-04,100.500000,105.500000,98.800000,102.000000,1077600,SSI iBoard
2025-12-05,101.000000,109.100000,101.000000,104.000000,2951300,SSI iBoard
2025-12-08,106.000000,110.000000,104.000000,106.300000,2081000,SSI iBoard
2025-12-09,108.000000,111.000000,101.500000,103.000000,2138200,SSI iBoard
2025-12-10,101.600000,101.900000,95.800000,95.800000,2473200,SSI iBoard
2025-12-11,89.200000,92.500000,89.100000,91.000000,2482300,SSI iBoard
2025-12-12,91.000000,92.000000,84.700000,84.700000,1920200,SSI iBoard
2025-12-15,80.500000,84.900000,78.800000,78.800000,1445300,SSI iBoard
2025-12-16,76.900000,84.300000,76.500000,84.300000,1390200,SSI iBoard
2025-12-17,85.000000,89.900000,84.400000,87.900000,1233000,SSI iBoard
2025-12-18,87.900000,90.500000,84.800000,88.800000,1180700,SSI iBoard
2025-12-19,90.000000,95.000000,88.000000,93.800000,1614300,SSI iBoard
2025-12-22,98.000000,99.000000,94.600000,98.000000,1051800,SSI iBoard
2025-12-23,99.000000,104.500000,98.100000,103.000000,976000,SSI iBoard
2025-12-24,105.700000,105.700000,95.800000,102.000000,2024800,SSI iBoard
2025-12-25,100.000000,106.600000,99.000000,99.000000,2991200,SSI iBoard
2025-12-26,92.100000,95.000000,92.100000,92.100000,1119700,SSI iBoard
2025-12-29,92.100000,97.000000,91.600000,94.000000,616600,SSI iBoard
2025-12-30,93.100000,94.000000,89.700000,91.000000,977300,SSI iBoard
2025-12-31,91.500000,95.800000,88.000000,94.200000,1038900,SSI iBoard
2026-01-05,96.300000,100.700000,96.000000,100.000000,1927300,SSI iBoard
2026-01-06,102.000000,105.800000,101.100000,102.900000,1478400,SSI iBoard
2026-01-07,105.900000,105.900000,98.000000,100.500000,1477800,SSI iBoard
2026-01-08,102.000000,102.000000,94.100000,94.100000,1616800,SSI iBoard
2026-01-09,92.100000,97.000000,91.900000,93.100000,931000,SSI iBoard
2026-01-12,99.000000,99.000000,87.900000,93.100000,1484500,SSI iBoard
2026-01-13,93.100000,98.500000,93.100000,94.900000,1040900,SSI iBoard
2026-01-14,94.900000,94.900000,90.900000,92.500000,777200,SSI iBoard
2026-01-15,90.100000,92.500000,89.200000,92.300000,761900,SSI iBoard
2026-01-16,92.100000,95.600000,92.100000,93.000000,988800,SSI iBoard
2026-01-19,95.400000,95.400000,91.500000,93.500000,532100,SSI iBoard
2026-01-20,93.600000,93.600000,91.200000,91.700000,756000,SSI iBoard
2026-01-21,91.700000,93.000000,90.000000,91.700000,1009800,SSI iBoard
2026-01-22,95.000000,95.000000,92.000000,92.000000,562800,SSI iBoard
2026-01-23,92.200000,95.500000,92.200000,93.800000,689900,SSI iBoard
2026-01-26,95.000000,95.000000,92.100000,93.500000,603900,SSI iBoard
2026-01-27,93.500000,93.800000,91.000000,91.900000,617800,SSI iBoard
2026-01-28,91.900000,91.900000,85.600000,91.000000,1341900,SSI iBoard
2026-01-29,89.900000,92.000000,88.200000,92.000000,665100,SSI iBoard
2026-01-30,93.000000,93.200000,90.900000,92.500000,783500,SSI iBoard
2026-02-02,91.900000,91.900000,86.800000,86.800000,636700,SSI iBoard
2026-02-03,86.600000,89.400000,84.900000,86.700000,470800,SSI iBoard
2026-02-04,86.800000,86.800000,80.700000,85.500000,909500,SSI iBoard
2026-02-05,85.500000,89.900000,83.700000,86.000000,915000,SSI iBoard
2026-02-06,84.200000,87.500000,83.000000,83.000000,602900,SSI iBoard
2026-02-09,81.100000,83.500000,81.100000,83.000000,547200,SSI iBoard
2026-02-10,82.800000,86.600000,81.500000,84.500000,461800,SSI iBoard
2026-02-11,84.500000,86.000000,83.400000,86.000000,429000,SSI iBoard
2026-02-12,86.200000,86.200000,83.800000,85.400000,533200,SSI iBoard
2026-02-13,85.400000,85.600000,83.100000,85.600000,506100,SSI iBoard
2026-02-23,85.900000,85.900000,84.300000,84.700000,324800,SSI iBoard
2026-02-24,84.200000,84.200000,83.500000,83.500000,296600,SSI iBoard
2026-02-25,83.500000,83.600000,80.100000,81.000000,719500,SSI iBoard
2026-02-26,79.900000,84.300000,79.600000,81.700000,600300,SSI iBoard
2026-02-27,82.500000,84.100000,80.500000,83.500000,223600,SSI iBoard
2026-03-02,82.000000,82.500000,80.100000,80.100000,394800,SSI iBoard
2026-03-03,80.100000,80.200000,75.700000,75.900000,753600,SSI iBoard
2026-03-04,75.900000,77.500000,73.900000,74.300000,644600,SSI iBoard
2026-03-05,75.500000,78.700000,75.000000,75.500000,837300,SSI iBoard
2026-03-06,75.400000,78.000000,74.900000,76.700000,478300,SSI iBoard
2026-03-09,71.400000,76.100000,71.400000,71.400000,1739500,SSI iBoard
2026-03-10,73.400000,73.500000,67.000000,73.000000,666300,SSI iBoard
2026-03-11,72.000000,78.100000,72.000000,78.100000,1462000,SSI iBoard
2026-03-12,76.500000,81.300000,76.100000,80.300000,513300,SSI iBoard
2026-03-13,80.300000,81.500000,77.300000,79.300000,792600,SSI iBoard
2026-03-16,77.800000,78.200000,75.900000,76.600000,677700,SSI iBoard
2026-03-17,78.100000,79.000000,76.000000,76.900000,396300,SSI iBoard
2026-03-18,76.400000,79.500000,76.400000,77.800000,634400,SSI iBoard
2026-03-19,76.200000,81.300000,76.200000,81.000000,1018300,SSI iBoard
2026-03-20,80.600000,81.600000,78.600000,79.000000,530800,SSI iBoard
2026-03-23,78.900000,78.900000,73.500000,78.300000,617100,SSI iBoard
2026-03-24,79.000000,80.000000,76.100000,79.300000,499400,SSI iBoard
2026-03-25,79.900000,82.500000,79.000000,82.500000,586500,SSI iBoard
2026-03-26,83.000000,83.000000,80.500000,81.800000,469000,SSI iBoard
2026-03-27,81.000000,83.000000,80.000000,83.000000,471900,SSI iBoard
2026-03-30,81.700000,84.300000,80.000000,83.300000,594800,SSI iBoard
2026-03-31,82.300000,84.500000,82.300000,83.400000,312100,SSI iBoard
2026-04-01,86.000000,86.500000,83.400000,83.900000,2375500,SSI iBoard
2026-04-02,84.200000,84.200000,81.000000,83.900000,766400,SSI iBoard
2026-04-03,83.500000,89.700000,83.200000,83.200000,1476000,SSI iBoard
2026-04-06,83.300000,84.200000,80.000000,82.600000,840100,SSI iBoard
2026-04-07,82.000000,82.000000,78.800000,81.900000,887200,SSI iBoard
2026-04-08,83.700000,85.500000,82.000000,85.000000,612900,SSI iBoard
2026-04-09,83.500000,84.000000,80.000000,80.000000,683800,SSI iBoard
2026-04-10,80.800000,81.300000,79.500000,81.000000,375100,SSI iBoard
2026-04-13,79.100000,81.300000,79.100000,80.200000,319900,SSI iBoard
2026-04-14,80.500000,81.400000,79.700000,80.000000,326400,SSI iBoard
2026-04-15,80.900000,84.000000,79.700000,84.000000,1322800,SSI iBoard
2026-04-16,84.000000,88.000000,83.900000,86.100000,1959800,SSI iBoard
2026-04-17,86.100000,86.800000,81.800000,82.800000,1035800,SSI iBoard
2026-04-20,83.000000,86.800000,81.100000,85.300000,1344300,SSI iBoard
2026-04-21,85.900000,87.000000,83.600000,83.700000,885700,SSI iBoard
2026-04-22,83.800000,85.000000,80.800000,83.900000,855700,SSI iBoard
2026-04-23,85.200000,85.200000,82.000000,83.500000,812600,SSI iBoard
2026-04-24,82.800000,84.000000,81.500000,81.500000,861400,SSI iBoard
2026-04-28,81.500000,85.700000,80.800000,84.300000,1227900,SSI iBoard
2026-04-29,85.000000,87.900000,83.300000,85.700000,666000,SSI iBoard
2026-05-04,85.000000,87.100000,83.700000,85.200000,580500,SSI iBoard
2026-05-05,84.100000,90.300000,84.000000,88.000000,2036700,SSI iBoard
2026-05-06,89.000000,92.000000,89.000000,90.000000,1322600,SSI iBoard
2026-05-07,91.000000,92.000000,88.000000,91.500000,1519200,SSI iBoard
2026-05-08,92.000000,92.000000,89.000000,91.500000,995600,SSI iBoard
2026-05-11,91.500000,93.000000,89.000000,89.000000,1121800,SSI iBoard
2026-05-12,88.000000,89.800000,86.300000,89.500000,718900,SSI iBoard
2026-05-13,90.000000,90.000000,83.300000,90.000000,1293700,SSI iBoard
2026-05-14,89.000000,91.400000,86.200000,89.800000,806700,SSI iBoard
2026-05-15,90.300000,90.300000,88.300000,88.400000,604600,SSI iBoard
2026-05-18,87.600000,90.400000,86.700000,90.400000,881600,SSI iBoard
2026-05-19,91.800000,91.800000,88.700000,91.500000,859800,SSI iBoard
2026-05-20,91.500000,91.600000,88.000000,91.600000,835200,SSI iBoard
2026-05-21,91.500000,94.200000,89.900000,93.500000,997800,SSI iBoard
2026-05-22,93.400000,95.000000,92.000000,93.400000,686700,SSI iBoard
2026-05-25,91.600000,96.600000,91.600000,95.700000,900200,SSI iBoard
2026-05-26,96.000000,99.500000,94.000000,95.700000,776200,SSI iBoard
2026-05-27,95.000000,95.300000,90.400000,91.700000,746200,SSI iBoard
2026-05-28,90.800000,93.800000,90.000000,91.800000,615400,SSI iBoard
2026-05-29,92.900000,93.500000,90.500000,93.500000,733000,SSI iBoard
2026-06-01,93.600000,94.000000,91.900000,92.200000,536800,SSI iBoard
2026-06-02,92.300000,93.000000,88.200000,92.000000,994700,SSI iBoard
2026-06-03,89.800000,92.000000,88.200000,92.000000,721900,SSI iBoard
2026-06-04,92.000000,92.600000,89.900000,90.700000,627900,SSI iBoard
2026-06-05,90.600000,91.800000,90.300000,91.500000,735000,SSI iBoard
2026-06-08,90.000000,91.000000,89.000000,89.000000,654100,SSI iBoard
2026-06-09,89.100000,90.300000,87.000000,90.000000,707700,SSI iBoard
2026-06-10,89.800000,90.000000,87.700000,90.000000,684100,SSI iBoard
2026-06-11,88.400000,90.000000,87.500000,89.900000,742300,SSI iBoard
2026-06-12,89.800000,89.800000,87.000000,87.000000,684600,SSI iBoard
2026-06-15,87.700000,88.800000,85.500000,88.600000,813200,SSI iBoard
2026-06-16,89.300000,92.000000,88.500000,89.300000,959500,SSI iBoard
2026-06-17,89.300000,90.000000,87.300000,89.300000,422700,SSI iBoard
2026-06-18,89.700000,92.700000,88.200000,91.000000,718200,SSI iBoard
2026-06-19,91.500000,91.500000,89.000000,91.000000,3101600,SSI iBoard
2026-06-22,89.400000,93.900000,89.400000,91.900000,992700,SSI iBoard
2026-06-23,91.700000,92.300000,89.600000,90.500000,722900,SSI iBoard
2026-06-24,90.500000,90.900000,88.100000,90.500000,950600,SSI iBoard
2026-06-25,89.600000,89.600000,87.700000,87.900000,605100,SSI iBoard
2026-06-26,87.700000,88.800000,86.200000,88.800000,686000,SSI iBoard
2026-06-29,87.600000,88.500000,86.800000,88.500000,675900,SSI iBoard
2026-06-30,87.400000,89.800000,86.800000,89.800000,757500,SSI iBoard
2026-07-01,87.700000,89.600000,87.300000,88.200000,672500,SSI iBoard
2026-07-02,88.100000,88.100000,87.000000,87.000000,577200,SSI iBoard
2026-07-03,87.200000,87.500000,85.800000,85.800000,609700,SSI iBoard
2026-07-06,86.400000,86.400000,83.000000,83.000000,671900,SSI iBoard
2026-07-07,83.000000,83.500000,81.900000,82.400000,553400,SSI iBoard
2026-07-08,82.400000,84.000000,81.200000,84.000000,751500,SSI iBoard
2026-07-09,82.100000,83.900000,81.900000,83.200000,820500,SSI iBoard
2026-07-10,83.100000,83.600000,82.000000,82.300000,812500,SSI iBoard
2026-07-13,82.300000,83.200000,80.600000,82.900000,852500,SSI iBoard
2026-07-14,82.800000,82.800000,81.100000,81.800000,745100,SSI iBoard
2026-07-15,81.100000,81.800000,79.400000,81.800000,865600,SSI iBoard
2026-07-16,81.000000,81.900000,80.200000,81.900000,806100,SSI iBoard
2026-07-17,81.900000,81.900000,79.500000,79.800000,789600,SSI iBoard
2026-07-20,79.800000,79.800000,77.000000,77.600000,804400,SSI iBoard
2026-07-21,77.600000,77.900000,75.400000,77.600000,895600,SSI iBoard
2026-07-22,76.900000,76.900000,73.500000,73.500000,708200,SSI iBoard
2026-07-23,73.500000,74.900000,71.500000,74.900000,711900,SSI iBoard
2026-07-24,72.800000,74.500000,72.200000,74.500000,755300,SSI iBoard
2026-07-27,74.400000,75.700000,72.900000,74.000000,386400,SSI iBoard
2026-07-28,74.000000,74.500000,72.000000,74.500000,507400,SSI iBoard
2026-07-29,73.600000,76.900000,73.000000,76.900000,414200,SSI iBoard
2026-07-30,77.000000,79.500000,75.900000,79.500000,646400,SSI iBoard
2026-07-31,80.500000,80.500000,77.400000,79.600000,480900,SSI iBoard
2026-08-03,79.000000,81.000000,77.600000,81.000000,608000,SSI iBoard
2026-08-04,79.500000,81.200000,79.000000,81.200000,670100,SSI iBoard
2026-08-05,79.800000,81.100000,79.500000,81.000000,502600,SSI iBoard
2026-08-06,80.700000,81.000000,79.000000,80.900000,806900,SSI iBoard
2026-08-07,80.100000,80.200000,79.000000,79.000000,433400,SSI iBoard
2026-08-10,79.100000,79.100000,77.100000,78.500000,370200,SSI iBoard
2026-08-11,78.500000,78.900000,77.400000,78.400000,667400,SSI iBoard
2026-08-12,78.300000,79.000000,77.500000,78.400000,563600,SSI iBoard
2026-08-13,78.900000,78.900000,77.000000,77.000000,520500,SSI iBoard
2026-08-14,77.000000,77.000000,74.500000,74.500000,634100,SSI iBoard
2026-08-17,74.000000,75.400000,74.000000,75.000000,515500,SSI iBoard
2026-08-18,74.100000,76.000000,74.100000,75.000000,541600,SSI iBoard
2026-08-19,75.200000,75.200000,74.000000,74.900000,549900,SSI iBoard
2026-08-20,74.900000,75.800000,74.600000,75.000000,483800,SSI iBoard
2026-08-21,74.400000,76.900000,74.000000,76.900000,563900,SSI iBoard
2026-08-24,77.200000,77.400000,76.400000,76.900000,605500,SSI iBoard
2026-08-25,76.000000,77.300000,76.000000,76.500000,751800,SSI iBoard
2026-08-26,75.600000,76.500000,74.900000,75.200000,735600,SSI iBoard
2026-08-27,75.500000,78.200000,75.500000,77.500000,619500,SSI iBoard
2026-08-28,77.600000,77.600000,76.600000,77.600000,341300,SSI iBoard
2026-09-03,77.000000,77.500000,76.500000,76.600000,569700,SSI iBoard
2026-09-04,76.600000,79.400000,76.600000,77.500000,794800,SSI iBoard
2026-09-07,79.000000,82.900000,78.700000,81.100000,1763700,SSI iBoard
2026-09-08,82.900000,84.000000,81.100000,82.500000,787800,SSI iBoard
2026-09-09,82.500000,88.200000,82.500000,85.900000,2456000,SSI iBoard
2026-09-10,85.800000,85.800000,83.000000,84.000000,583700,SSI iBoard
2026-09-11,83.000000,85.000000,82.500000,82.500000,662900,SSI iBoard
2026-09-14,83.000000,84.800000,81.600000,84.200000,1296400,SSI iBoard
2026-09-15,84.300000,85.600000,83.300000,85.600000,1185700,SSI iBoard
2026-09-16,85.000000,85.400000,82.800000,84.200000,1118400,SSI iBoard
2026-09-17,83.100000,85.500000,82.300000,85.500000,1309000,SSI iBoard
2026-09-18,86.000000,87.600000,81.200000,81.200000,3751600,SSI iBoard
2026-09-21,82.500000,82.900000,79.200000,81.200000,1279300,SSI iBoard
2026-09-22,80.500000,82.000000,80.500000,81.700000,998500,SSI iBoard
2026-09-23,81.700000,81.700000,79.100000,79.100000,650700,SSI iBoard
2026-09-24,78.300000,78.800000,76.600000,78.000000,942400,SSI iBoard
2026-09-25,78.000000,80.100000,77.700000,79.700000,423000,SSI iBoard
2026-09-28,79.600000,80.000000,78.200000,80.000000,433200,SSI iBoard
2026-09-29,79.800000,80.000000,78.500000,79.300000,648600,SSI iBoard
2026-09-30,79.800000,79.800000,78.500000,79.200000,656500,SSI iBoard
